68928250,Avenida das Acácias,(Prq Laranjeiras),Fonte Nova,8189,4
68928253,Alameda das Açucenas,(Prq Laranjeiras),Fonte Nova,8189,4
68928256,Alameda das Tulipas,(Prq Laranjeiras),Fonte Nova,8189,4
68928259,Alameda dos Crisatemos,(Prq Laranjeiras),Fonte Nova,8189,4
68928262,Rua das Orquídeas,,Fonte Nova,8189,4
68928265,Alameda das Margaridas,,Fonte Nova,8189,4
68928268,Alameda das Magnólias,(Prq Laranjeiras),Fonte Nova,8189,4
68928271,Alameda dos Girassóis,(Prq Laranjeiras),Fonte Nova,8189,4
68928274,Alameda das Pampolas,(Prq Laranjeiras),Fonte Nova,8189,4
68928277,Alameda das Violetas,(Prq Laranjeiras),Fonte Nova,8189,4
68928280,Rodovia Duca Serra,,Fonte Nova,8189,4
68928283,1ª Travessa da São João,,Fonte Nova,8189,4
68928286,2ª Travessa da São João,,Fonte Nova,8189,4
68928289,3ª Travessa da São João,,Fonte Nova,8189,4
68928292,3ª Travessa São João Apóstolo,,Fonte Nova,8189,4
68928295,Alameda A,,Fonte Nova,8189,4
68928298,Alameda B,,Fonte Nova,8189,4
68928301,Alameda C,,Fonte Nova,8189,4
68928304,Alameda D,,Fonte Nova,8189,4
68928307,Alameda das Rosas,(Prq Laranjeiras),Fonte Nova,8189,4
68928310,Avenida 1º de Maio,,Fonte Nova,8189,4
68928313,Avenida Brasil,(Lot F Deus),Fonte Nova,8189,4
68928316,Avenida Brasilia,,Fonte Nova,8189,4
68928319,Avenida Carlos Martel,,Fonte Nova,8189,4
68928322,Avenida Coelho Neto,,Fonte Nova,8189,4
68928325,Avenida Maria de Oliveira Colares,,Fonte Nova,8189,4
68928328,Avenida Salmo 23,(Lot F Deus),Fonte Nova,8189,4
68928331,Avenida Salmo 91,(Lot F Deus),Fonte Nova,8189,4
68928334,Avenida São João Apóstolo,,Fonte Nova,8189,4
68928337,Rua Antônio Abilio Rodrigues,,Fonte Nova,8189,4
68928340,Travessa Açaí,,Fonte Nova,8189,4
68928346,Travessa Jasmim,,Fonte Nova,8189,4
68928349,Travessa Maracanã,,Fonte Nova,8189,4
68929500,Rodovia Duca Serra,,Distrito Industrial,8189,4
68929504,Ramal do Cajueiro,,Distrito Industrial,8189,4
68929508,Rodovia Macapá-Mazagão,,Distrito Industrial,8189,4
68929512,Rua Dez,,Distrito Industrial,8189,4
68929516,Rua Oito,,Distrito Industrial,8189,4
68929520,Avenida Um,,Distrito Industrial,8189,4
68929524,Rua Onze,,Distrito Industrial,8189,4
68929528,Rua Sete,,Distrito Industrial,8189,4
68929532,Rua Treze,,Distrito Industrial,8189,4
68929536,Rua Zero,,Distrito Industrial,8189,4
68929540,Rua Doze,,Distrito Industrial,8189,4
68929544,Rua Cinco,,Distrito Industrial,8189,4
68929548,Rua Dois,,Distrito Industrial,8189,4
68929552,Rua Um,,Distrito Industrial,8189,4
68929556,Rua Quatro,,Distrito Industrial,8189,4
68929560,Rua Seis,,Distrito Industrial,8189,4
68929564,Avenida São Paulo Apóstolo,,Distrito Industrial,8189,4
68929568,Avenida São João Apóstolo,,Distrito Industrial,8189,4
68929572,Rua Três,,Distrito Industrial,8189,4
68929576,Travessa Fé em Deus,,Distrito Industrial,8189,4
68933000,Rua A,,Ilha de Santana,8189,4
68933005,Rua B,,Ilha de Santana,8189,4
68933010,Rua C,,Ilha de Santana,8189,4
68933015,Rua D,,Ilha de Santana,8189,4
68935000,,,Igarapé do Lago,8189,4
68935971,"Distrito de Igarapé do Lago, s/n",,Igarapé do Lago,8189,4
68937000,,,Ilha de Santana,8189,4
68937971,"Distrito da Ilha de Santana, s/n",,Ilha de Santana,8189,4
68939000,,,Fortaleza,8189,4
68940000,,,,5600,4
68940970,Rua Veiga Cabral 1010,,Mazagão,5600,4
68940971,"Vila Carvão, s/n",,Vila Carvão,5600,4
68940972,"Vila de Mazagão Velho, s/n",,Vila de Mazagão Velho,5600,4
68943000,,,Mazagão Velho,5600,4
68945000,,,,6795,4
68945970,"Rua Francisco Braz, s/n",,Centro,6795,4
68948000,,,,9289,4
68948970,Quadra BC-04 156,,Vila Primária,9289,4
68950000,,,,340,4
68950970,Avenida Guarani 242,,Centro,340,4
68958000,,,Sucuriju,340,4
68960000,,,,1716,4
68960970,"Avenida Eulálio Modesto, s/n",,Centro,1716,4
68960971,"Vila Carnot, s/n",,Vila Carnot,1716,4
68965000,,,Cunani,1716,4
68970000,,,Lourenço,1716,4
68970970,Avenida José Lorenço 1299,,Lourenço,1716,4
68973000,,,,2901,4
68973970,"Rua Manoel Raimundo, s/n",,Centro,2901,4
68976000,,,,4515,4
68976970,Rua Laurita Almeida Barbosa 115,,Centro,4515,4
68980000,,,,6320,4
68980970,Avenida Barão do Rio Branco 261,,Centro,6320,4
68985000,,,Clevelândia do Norte,6320,4
68988000,,,Vila Velha,6320,4
68990000,,,,9635,4
68990970,Rua Mãe Verônica 222,,Centro,9635,4
68994000,,,Aporema,9635,4
68997000,,,,7309,4
68997970,Travessa Lourenço de Araujo 552,,Centro,7309,4
68900906,Avenida Coaracy Nunes 97,,Central,5258,4
68901340,Rua Roberto Ferreira da Silva,,Santa Rita,5258,4
68901450,Rua Álvaro Bezerra,,Santa Inês,5258,4
68903006,Avenida João de Castro Sussuarana,,Jardim Equatorial,5258,4
68903080,Ramal Nova Esperança,,Pedrinhas,5258,4
68903081,Passagem do Amor,,Pedrinhas,5258,4
68903082,Passagem das Naçôes,,Pedrinhas,5258,4
68903083,Rua Joaquim Pena,,Pedrinhas,5258,4
68903084,Avenida Jacinto Lobato,,Pedrinhas,5258,4
68903085,Avenida Mário Quirino,,Pedrinhas,5258,4
68903209,Travessa Onix,(Cj. Redenção),Jardim Marco Zero,5258,4
68903329,Ramal da Unifap,(KM 02 da Rod.JK),Jardim Marco Zero,5258,4
68903545,Travessa Dulce Estela Ribeiro,,Universidade,5258,4
68903611,Passagem do Gringo,,Universidade,5258,4
68903612,Passagem Boa Fé,,Universidade,5258,4
68903614,Ramal Bom Jesus,,Universidade,5258,4
68903616,Ramal Trinta e Um de Março,,Universidade,5258,4
68903629,Travessa Nona,(Conj. Habitacional da Embrapa),Universidade,5258,4
68904061,Alameda Antônio Ferreira de Jusus,,Novo Buritizal,5258,4
68904062,Avenida Antônio Ferreira de Jesus,,Novo Buritizal,5258,4
68905422,Rua José Furtado de Oliveira,- de 1200/1201 ao fim,Cidade Nova,5258,4
68905560,Rua Rio Xingu,,Perpétuo Socorro,5258,4
68906172,Avenida França,(Reds. Jard. Europa),São José,5258,4
68906173,Avenida Portugal,(Resd. Jard. Europa),São José,5258,4
68906174,Avenida Itália,(Resd. Jard. Europa),São José,5258,4
68906175,Avenida Inglaterra,(Resd. Jard. Europa),São José,5258,4
68906176,Rua Irlanda,(Resd. Jard. Europa),São José,5258,4
68906177,Rua Belgica,(Resd. Jard. Europa),São José,5258,4
68906178,Rua Espanha,(Resd. Jard. Europa),São José,5258,4
68906179,Rua Suiça,(Resd. Jard. Europa),São José,5258,4
68906180,Avenida Uruguai,(Resd. Jard. America),São José,5258,4
68906181,Avenida Argentina,(Resd. Jard. America),São José,5258,4
68906182,Avenida Equador,(Resd. Jard. America),São José,5258,4
68906183,Avenida Bolivia,(Resd. Jard. America),São José,5258,4
68906184,Avenida Brasil,(Resd. Jard. America),São José,5258,4
68906185,Avenida Paraguai,(Resd. Jard. America),São José,5258,4
68906300,Avenida Sol Nascente,,Marabaixo,5258,4
68906302,Rua Vicente Raimundo Alves,,Marabaixo,5258,4
68906303,Rua do Trilho,,Marabaixo,5258,4
68906304,Travessa Marilene Silva Miranda,,Marabaixo,5258,4
68906305,Avenida São Paulo,,Marabaixo,5258,4
68906306,Avenida Vasco da Gama,,Marabaixo,5258,4
68906307,Travessa Estrela do Manha,,Marabaixo,5258,4
68906308,Travessa Santa Fé,,Marabaixo,5258,4
68906448,Avenida Uruguai,(Cj. hab. Jard. America),Marabaixo,5258,4
68906449,Travessa Monte Negro,(Cj. Hab. Jard. America),Marabaixo,5258,4
68906450,Rua Beira Rio,"(Cj, Habitacional Jard. America)",Marabaixo,5258,4
68906451,Rua do Prazer,(Cj. Habitacional Jard. America),Marabaixo,5258,4
68906452,Rua Professora Osvaldina Ferreira da Silva,(Cj. Habitacional Jard. America),Marabaixo,5258,4
68906453,Travessa Liberato,(Cj. Habitacional Jard. America),Marabaixo,5258,4
68906454,Avenida Bosque,(Cj. Habitacional Jard. America),Marabaixo,5258,4
68906456,Rua Raimundo Coutinho,(Cj. Habitacional Jard. America),Marabaixo,5258,4
68906457,Travessa Manoel José,(Cj. Habitacional Jard. America),Marabaixo,5258,4
68906458,Rua Mário Veloso Cordeiro,(Cj. Habitacional Jard. America),Marabaixo,5258,4
68906459,Rua do Entrocamento,(Cj. Habitacional Jard. America),Marabaixo,5258,4
68906460,Alameda Olavio da Costa Magno,(Cj. Habitacional Jard.America),Marabaixo,5258,4
68906461,Travessa Nevasca,(Cj. Habitacional Jard. America),Marabaixo,5258,4
68906462,Avenida Verde,(Cj. Habitacional Jard. America),Marabaixo,5258,4
68906463,Avenida Jardin América,(Cj. Habitacional Jard. America),Marabaixo,5258,4
68906464,Avenida Floresta,(Cj. Habitacional Jard. America),Marabaixo,5258,4
68906465,Travessa Raimundo Pinto Ramos,(Cj. Habitacional Jard. America),Marabaixo,5258,4
68906466,Travessa Pedro,(Cj. Habitacional Jard. America),Marabaixo,5258,4
68906467,Rua João Ferreira da Silva,(Cj. Hab. Jard. America),Marabaixo,5258,4
68906468,Avenida Benedito Ramos Castro,(Cj. Hab. Jard. America),Marabaixo,5258,4
68906469,Passagem Antonio Cosme de Araujo,(Cj. Hab. Jard. America),Marabaixo,5258,4
68906470,Travessa Cacique Curuma,(Cj. Hab. Jard. America),Marabaixo,5258,4
68906471,Travessa João Vicente Medeiros,(Cj. Hab. Jard. America),Marabaixo,5258,4
68906472,Passagem Jardin America,(Cj. Hab. Jard. America),Marabaixo,5258,4
68906473,Alameda Beira Rio,(Cj. Hab. Jard. America),Marabaixo,5258,4
68906474,Travessa Lemos,(Cj. Hab. Jard. America),Marabaixo,5258,4
68906475,Rua Lucicleiton Trindade de Mira,(Cj. Hab. Jard. America),Marabaixo,5258,4
68906476,Travessa das Orquidias,(Cj. Hab. Jard. Americo),Marabaixo,5258,4
68906477,Travessa Muruci,(Cj. Hab. Jard. America),Marabaixo,5258,4
68906478,Avenida Waldez Trindade de Souza,(Cj. Hab. Jard. America),Marabaixo,5258,4
68906479,Passagem X do Sul,(Cj. Hab. Jard. America),Marabaixo,5258,4
68906480,Avenida Raimundo Ibiapino da Silva,(Cj. Hab. Jard. America),Marabaixo,5258,4
68906481,Travessa Bom Jardin,(Cj. Hab. Jard. America),Marabaixo,5258,4
68906482,Travessa Raimundo Jansen de Almeida,(Cj. Hab. Jard. America),Marabaixo,5258,4
68906483,Passagem Bom Jardin,(Cj. Hab. Jard. America),Marabaixo,5258,4
68906484,Travessa Santo Expedito,(Cj. Hab. Jard. America),Marabaixo,5258,4
68906485,Travessa Zolito Nunes,(Cj. Hab. Jard. America),Marabaixo,5258,4
68906486,Travessa Doutor Araldo da Silva Carvalho,(Cj. Hab. Jard. America),Marabaixo,5258,4
68906487,Travessa Porto Alegre,(Cj. Hab. Jard. America),Marabaixo,5258,4
68906488,Travessa Flamengo,(Cj. Hab. Jard. America),Marabaixo,5258,4
68906489,Rua Doutor Dalton Martins,(Cj. Hab. Jard. America),Marabaixo,5258,4
68906490,Travessa Alverne,(Cj. Hab. Jard. America),Marabaixo,5258,4
68906491,Avenida Joaquim Coutinho,(Cj. Hab. Jard. America),Marabaixo,5258,4
68906492,Avenida Raimundo Nunes Trindade,(Cj. Hab. Jard. America),Marabaixo,5258,4
68906493,Travessa Municipal,(Cj. Hab. Jard. America),Marabaixo,5258,4
68906494,Travessa Maria Assunção cruz,(Cj. Hab. Jard. America),Marabaixo,5258,4
68906495,Passagem do Breu,(Cj. Hab. Jard. America),Marabaixo,5258,4
68906497,Travessa Pau Brasil,(Cj. Hab. Jard. America),Marabaixo,5258,4
68906498,Travessa Europa,(Cj. Hab. Jard. America),Marabaixo,5258,4
68906499,Travessa Rio Solimoes,(Cj. Hab. Jard. America),Marabaixo,5258,4
68906500,Rua da Lagoa,(Cj. Hab. Jard. America),Marabaixo,5258,4
68906834,Avenida Rio Amazonas,(Lot. Parque Irmãos Platon),Cabralzinho,5258,4
68908001,Rodovia Norte Sul,,Infraero,5258,4
68908020,Avenida Mateus Azevedo Coutinho,,Infraero,5258,4
68908118,Rua Professor Tostes,- até 751/752,Jesus de Nazaré,5258,4
68908402,Rua Jocelina Ramos,,São Lázaro,5258,4
68908511,Rua Vitória Régia,(lot. V. S. Lazaro),São Lázaro,5258,4
68908512,Rua Mendes de Sá,(Lot. V. S. Lazaro),São Lázaro,5258,4
68908513,Rua José de Alencar,(Lot. V. S. Lazaro),São Lázaro,5258,4
68908514,Rua Duarte da Costa,(Lot. V. S. Lazaro),São Lázaro,5258,4
68908515,Avenida Marechal Deodoro da Fonseca,(Lot. V. S. Lazaro),São Lázaro,5258,4
68908516,Passagem do Ambrósio,(Lot V S Lázaro),São Lázaro,5258,4
68908517,Passagem Vitória Régia,(Lot. V. S. Lazaro),São Lázaro,5258,4
68908518,Passagem José Moacir Banha de Araújo,(Lot. V.S. Lazaro),São Lázaro,5258,4
68908519,Travessa das Bacabeiras,(lot. V S. Lazaro),São Lázaro,5258,4
68908522,Ramal dos Colares,(Lot. V. S. Lazaro),São Lázaro,5258,4
68908886,Avenida Karipunas,(Lot. Infraero I),Infraero,5258,4
68908900,Rua Tancredo Neves 201,,São Lázaro,5258,4
68908910,"Rodovia Norte Sul, s/n",,Infraero,5258,4
68908911,"Rodovia Norte Sul, s/n",,Infraero,5258,4
68909062,Avenida Ramos,- de 2600/2601 a 99998/99999,Jardim Felicidade,5258,4
68909138,Avenida Luís Gonzaga,(Lot. Sol Nascente),Boné Azul,5258,4
68909141,Avenida Cecília Meireles,(Lot. Sol Nascente),Boné Azul,5258,4
68909600,Alameda Minha Cidade,(Lot. Mestre O. Santos),Boné Azul,5258,4
68909601,Alameda Pérola Azulada,(Lot. Mestre O. Santos),Boné Azul,5258,4
68909602,Alameda Bacabeira,(Lot. Mestre O. Santos),Boné Azul,5258,4
68909604,Alameda Pedra Negra,(Lot. Mestre O. Santos),Boné Azul,5258,4
68909605,Alameda Floração,(Lot. Mestre O. Santos),Boné Azul,5258,4
68909607,Alameda Lugar Bonito,(Lot. Mestre O. Santos),Boné Azul,5258,4
68909608,Alameda Colibrir,(Lot.Mestre O. Santos),Boné Azul,5258,4
68909609,Alameda Padroeiro São José,(Lot. Mestre O. Santos),Boné Azul,5258,4
68909611,Alameda Negro de Nós,(Lot. Mestre O. Santos),Boné Azul,5258,4
68909612,Alameda Sereia dos Rios,(Lot. Mestre O. Santos),Boné Azul,5258,4
68909613,Alameda Sentinela Nortente,(Lot. Mestre O. Santos),Boné Azul,5258,4
68909614,Alameda Tarumã,(Lot. Mestre O. Santos),Boné Azul,5258,4
68909615,Alameda Toada Cabocla,(Lot. Mestre O. Oscar),Boné Azul,5258,4
68909616,Alameda Doce Cartar,(Lot. Mestre O. Santos),Boné Azul,5258,4
68909617,Alameda Rosario de Ouro,(Lot. Mestre O. Santos),Boné Azul,5258,4
68909800,Rua Alceu Paulo Ramos,,Novo Horizonte,5258,4
68909839,Avenida Ramos,- até 2587/2588,Novo Horizonte,5258,4
68909860,Rua Virginia da Costa,(comunidade do Coração),Marabaixo,5258,4
68911010,Avenida Nova Brasilia,,Fazendinha,5258,4
68911015,Avenida Marcelo Ribeiro,,Fazendinha,5258,4
68911041,Rua Rio Tapajós,(Cj. Res. Alfaville),Fazendinha,5258,4
68911449,Rua Um,(Lot. V. Verde),Muruci (Fazendinha),5258,4
68911468,Avenida do Grosso,(Lot. V. Verde),Muruci (Fazendinha),5258,4
68911469,Avenida Breviense,(Lot. V. Verde),Muruci (Fazendinha),5258,4
68911470,Avenida Araguaia,(Lot. V. Verde),Muruci (Fazendinha),5258,4
68911471,Avenida Vinte e Dois de Novembro,(Lot. V. Verde),Muruci (Fazendinha),5258,4
68911472,Ramal Estaleiro,(Lot. V. Verde),Muruci (Fazendinha),5258,4
68911473,Ramal da Horta,(Lot. V. Verde),Muruci (Fazendinha),5258,4
68911474,Ramal do Alemão,,Muruci (Fazendinha),5258,4
68911475,Avenida Bom fim,(Lot. V. Verde),Muruci (Fazendinha),5258,4
68911476,Avenida Vale do Rio Doce,(Lot. V. Verde),Muruci (Fazendinha),5258,4
68911477,Avenida Vale do Itajaí,(Lot. V. Verde),Muruci (Fazendinha),5258,4
68911478,Avenida São Francisco,(Lot. V. Verde),Muruci (Fazendinha),5258,4
68911479,Avenida Sapucaia,(Lot. V. Verde),Muruci (Fazendinha),5258,4
68927122,Travessa Mário Quirino,,Provedor I,8189,4
68927128,Avenida Tocantinópolis,,Provedor I,8189,4
68927146,Travessa 14,,Provedor I,8189,4
68927155,Travessa 20,,Provedor I,8189,4
68927164,Avenida 11,,Provedor I,8189,4
68928343,Travessa Bem-te-vi,,Fonte Nova,8189,4
68903120,Travessa Anibal Barcelos,(Cj. Mônaco),Pedrinhas,5258,4
68903613,Ramal Ferraz,,Universidade,5258,4
68903913,Rodovia Juscelino Kubitschek 3200,,Universidade,5258,4
68906120,Rua Miguel Rodrigues Bittencourt,(Loteamento Parque Novo Mundo),Cabralzinho,5258,4
68906122,Avenida Nepal,(Loteamento Parque Novo Mundo),Cabralzinho,5258,4
68906123,Avenida Dubai,(Loteamento Parque Novo Mundo),Cabralzinho,5258,4
68906124,Avenida Japão,(Loteamento Parque Novo Mundo),Cabralzinho,5258,4
68906126,Avenida Tailândia,(Loteamento Parque Novo Mundo),Cabralzinho,5258,4
68906127,Avenida China,(Loteamento Parque Novo Mundo),Cabralzinho,5258,4
68906128,Avenida Mumbai,(Loteamento Parque Novo Mundo),Cabralzinho,5258,4
68906129,Avenida Abu Dhabi,(Lot Prq N Mundo),Cabralzinho,5258,4
68906131,Rua Nova Delhi,(Loteamento Parque Novo Mundo),Cabralzinho,5258,4
68906133,Rua Singapura,(Loteamento Parque Novo Mundo),Cabralzinho,5258,4
68906139,Rua Jacarta,(Loteamento Parque Novo Mundo),Cabralzinho,5258,4
68906140,Avenida Natal,(Lot C Jardim),Cabralzinho,5258,4
68906141,Avenida Porto Alegre,(Loteamento Cidade Jardim),Cabralzinho,5258,4
68906142,Avenida Florianópolis,(Loteamento Cidade Jardim),Cabralzinho,5258,4
68906143,Avenida Curitiba,(Loteamento Cidade Jardim),Cabralzinho,5258,4
68906145,Rua Belo Horizonte,(Loteamento Cidade Jardim),Cabralzinho,5258,4
68906149,Rua Macapá,(Loteamento Cidade Jardim),Cabralzinho,5258,4
68906171,Avenida Holanda,(Reds. Jard. Europa),São José,5258,4
68906309,Avenida Murici,,Marabaixo,5258,4
68906447,Rua Julita Alves da Silva,(Comunidade do Coração),Marabaixo,5258,4
68906455,Travessa Luis Gonzaga,(Cj. Habitacional Jard. America),Marabaixo,5258,4
68906496,Passagem Miguel de Carvalho Uchoa,(Cj. Hab. Jard. America),Marabaixo,5258,4
68908016,Rua Francisco das Chagas Bezerra,(Conj. Habit.Macapaba),Infraero,5258,4
68908017,Rua Miguel Arraes,(Conj. Habit.Macapaba),Infraero,5258,4
68908018,Rua Jorge Fernandes Ribeiro,(Conj. Habit.Macapaba),Infraero,5258,4
68908019,Rua Leonardo Gazel,(Conj. Habit.Macapaba),Infraero,5258,4
68908080,Ramal Fé em Deus,,Infraero,5258,4
68908521,Alameda Quilombo dos Palmares,(Lot. V. S. Lazaro),São Lázaro,5258,4
68909331,Rua Pêssego,,Brasil Novo,5258,4
68909337,Avenida Jussara,(Conj. Res. Palmares),Brasil Novo,5258,4
68909371,Avenida Piracicaba,(Loteamento Bella Vista),Brasil Novo,5258,4
68909372,Rua Rio Dourados,(Loteamento Bella Vista),Brasil Novo,5258,4
68909373,Avenida Copacabana,(Loteamento Bella Vista),Brasil Novo,5258,4
68909374,Avenida Petrópolis,(Loteamento Bella Vista),Brasil Novo,5258,4
68909375,Avenida Búzios,(Loteamento Bella Vista),Brasil Novo,5258,4
68909376,Avenida Angra dos Reis,(Loteamento Bella Vista),Brasil Novo,5258,4
68909378,Rua Guarujá,(Loteamento Bella Vista),Brasil Novo,5258,4
68909379,Rua Fernando de Noronha,(Loteamento Bella Vista),Brasil Novo,5258,4
68909381,Avenida Fortaleza,(Lot Bella Vista),Brasil Novo,5258,4
68909382,Avenida Gramado,(Lot Bella Vista),Brasil Novo,5258,4
68909385,Avenida Paris,(Lot Bella Vista),Brasil Novo,5258,4
68909603,Alameda Luz do Mundo,(Lot. Mestre O. Santos),Boné Azul,5258,4
68909606,Alameda Andorinha,(Lot. Mestre O. Santos),Boné Azul,5258,4
68909881,Avenida dos Tucanos,(Lot. Habitacional Bella Ville),Marabaixo,5258,4
68926361,Travessa Raimundo Pereira de Souza,,Fortaleza,8189,4
68905461,Travessa Terceira da Pará,,Cidade Nova,5258,4
68905465,Passarela Ponte da Maranhão,,Cidade Nova,5258,4
68905466,Passarela Ponte da Piauí,,Cidade Nova,5258,4
68905881,Travessa Primeira do Pará,,Perpétuo Socorro,5258,4
68905882,Travessa Segunda do Pará,,Perpétuo Socorro,5258,4
68905885,Travessa Baixada da Maranhão,,Perpétuo Socorro,5258,4
68905886,Travessa Baixada da Piauí,,Perpétuo Socorro,5258,4
68905887,Travessa Baixada da Ceará,,Perpétuo Socorro,5258,4
68908796,Rua Maria do Socorro Vieira Sampaio,(Lot. Morada das Palmeiras),Infraero,5258,4
68926013,Travessa D,,Novo Horizonte,8189,4
68926017,Travessa F,,Novo Horizonte,8189,4
68926021,Travessa E,,Novo Horizonte,8189,4
68902881,Rua Pedro Romualdo Pereira,(Res. São José),Buritizal,5258,4
68902882,Rua Herundino do Espirito Santo,(Res. São José),Buritizal,5258,4
68902883,Avenida Lucimar Araújo Tavares,(Res. São José),Buritizal,5258,4
68902884,Avenida Rufino da Conceição Pinheiro,(Res. São José),Buritizal,5258,4
68902886,Avenida Geraldo Lopes Creão,(Res. São José),Buritizal,5258,4
68903136,Rua Guiomar Cavalcante Rodrigues,,Pedrinhas,5258,4
68903137,Travessa Santa Clara,,Pedrinhas,5258,4
68903201,Rua Um,(Lot. Resd. Porto Seguro),Jardim Marco Zero,5258,4
68903202,Rua Dois,(Lot. Resd. Porto Seguro),Jardim Marco Zero,5258,4
68903203,Rua Três,(Lot. Resd. Porto Seguro),Jardim Marco Zero,5258,4
68903211,Rua Quatro,(Lot. Resd. Porto Seguro),Jardim Marco Zero,5258,4
68903212,Rua Cinco,(Lot. Resd. Porto Seguro),Jardim Marco Zero,5258,4
68903397,Passagem Cruzeiro do Sul,(Conj. Habitacional da Ego),Jardim Marco Zero,5258,4
68903398,Passagem Terra,(Conj. Habitacional da Ego),Jardim Marco Zero,5258,4
68903399,Passagem Sol,(Conj. Habitacional da Ego),Jardim Marco Zero,5258,4
68903401,Passagem Estrela Dalva,(Conj. Habitacional da Ego),Jardim Marco Zero,5258,4
68903402,Passagem Amizade,(Conj Habitacional da Ego),Jardim Marco Zero,5258,4
68903403,Passagem Venus,(Conj. habitacional da Ego),Jardim Marco Zero,5258,4
68903404,Passagem Estrela,(Conj. Habitacional da Ego),Jardim Marco Zero,5258,4
68903417,Travessa Deus é Fiel,,Universidade,5258,4
68903418,Alameda Esperanca,(Cond Village),Universidade,5258,4
68903617,Ramal São Francisco,,Universidade,5258,4
68903888,Rua Nova Esperança,,Araxá,5258,4
68903889,Travessa Nova Esperança,,Araxá,5258,4
68904263,Avenida Rosa Branca,(Conj.Hab.Açucena),Novo Buritizal,5258,4
68904264,Avenida Dois do Açucena,(Conj.Hab.Açucena),Novo Buritizal,5258,4
68904265,Avenida Um do Açucena,(Conj.Hab.Açucena),Novo Buritizal,5258,4
68904266,Rua Tia Militina,(Conj.Hab.Açucena),Novo Buritizal,5258,4
68904267,Rua Tia Iô,(Conj.Hab.Açucena),Novo Buritizal,5258,4
68904268,Rua Tia Geralda,(Conj.Hab.Açucena),Novo Buritizal,5258,4
68904269,Rua Mãe Venina,(Conj.Hab.Açucena),Novo Buritizal,5258,4
68904270,Rua Tia Bela,(Conj.Hab.Açucena),Novo Buritizal,5258,4
68904801,Travessa Feira Muluca,,Novo Buritizal,5258,4
68905081,Passagem Primeira da Manoel Cardoso,,Cidade Nova,5258,4
68905082,Passagem Segunda da Manoel Cardoso,,Cidade Nova,5258,4
68905171,Passagem Primeira da Santa Maria,,Cidade Nova,5258,4
68905172,Passagem Segunda da Santa Maria,,Cidade Nova,5258,4
68905392,Travessa Santa Fé,,Cidade Nova,5258,4
68905393,Passagem José Picanço de Menezes,,Cidade Nova,5258,4
68905462,Avenida Projetada,,Cidade Nova,5258,4
68905732,Passagem Segunda da Turíbio,,Perpétuo Socorro,5258,4
68905733,Passagem Terceira da Turíbio,,Perpétuo Socorro,5258,4
68905734,Passagem Quarta da Turíbio,,Perpétuo Socorro,5258,4
68906092,Rua Graunas,,Goiabal,5258,4
68906094,Travessa Shalon,,Goiabal,5258,4
68906146,Rua das Acaciás,(Resd. Reservas dos Jardins),Cabralzinho,5258,4
68906147,Rua das Tulipas,(Resd. Reservas dos Jardins),Cabralzinho,5258,4
68906148,Rua das Hortências,(Resd. Reserva dos Jardins),Cabralzinho,5258,4
68906310,Rua Nair Maria Souza da Costa,,Marabaixo,5258,4
68906311,Ramal Pedro Nonato Vaz da Silva,(Vila do Remedio),Marabaixo,5258,4
68906320,Rua Um,(Lot. Eldorado),Marabaixo,5258,4
68906321,Rua Dois,(Lot. Eldorado),Marabaixo,5258,4
68906322,Rua Três,(Lot. Eldorado),Marabaixo,5258,4
68906323,Rua Quatro,(Lot. Eldorado),Marabaixo,5258,4
68906324,Rua Cinco,(Lot. Eldorado),Marabaixo,5258,4
68906504,Avenida Floreira,(Marabaixo Parq. Resd),Marabaixo,5258,4
68906505,Avenida Verde,(Marabaixo Parq. Resd.),Marabaixo,5258,4
68906506,Avenida Campestre,(Marabaixo Parq. Resd.),Marabaixo,5258,4
68906507,Avenida Flora,(Marabaixo Parq. Resd.),Marabaixo,5258,4
68906508,Avenida Jardin,(Marabaixo Parq. Resd.),Marabaixo,5258,4
68906509,Avenida Floresta,(Marabaixo Parq. Resd.),Marabaixo,5258,4
68906510,Rua Bosque,(Marabaixo Parq. Resd.),Marabaixo,5258,4
68906511,Rua Canteiro,(Marabaixo Parq. Resd.),Marabaixo,5258,4
68906512,Rua Parque,(Marabaixo Parq. Resd.),Marabaixo,5258,4
68906513,Rua Campos,(Marabaixo Parq. Resd.),Marabaixo,5258,4
68906651,Rua Mestre Júlio,,Alvorada,5258,4
68906791,Avenida Brasil,(Cond.Parq.das Nacões),Cabralzinho,5258,4
68906792,Avenida Itália,(Cond.Parq.das Nacões),Cabralzinho,5258,4
68906793,Avenida Japão,(Cond.Parq.das Nacões),Cabralzinho,5258,4
68906794,Avenida Reino Unido,(Cond.Parq.das Nações),Cabralzinho,5258,4
68906795,Rua Alemanha,(Cond.Parq.das Nações),Cabralzinho,5258,4
68906796,Rua Canadá,(Cond.Parq.das Nações),Cabralzinho,5258,4
68906797,Rua França,(Cond.Parq.dasNações),Cabralzinho,5258,4
68906798,Travessa Estados Unidos da America,(Cond.Parq.das Nações),Cabralzinho,5258,4
68906802,Avenida Brunei,(Lot. Prq. N. Mundo),Cabralzinho,5258,4
68906975,Rodovia de Duca Serra Km 03,,Cabralzinho,5258,4
68907181,Rua João Paulo de Souza,(Cond. Resd. Bougainvillea),Renascer,5258,4
68907191,Avenida Muruci,(Cond. Resd. Bougainvillea),Renascer,5258,4
68907192,Avenida Sapucaia,(Cond. Resd. Bougainvillea),Renascer,5258,4
68907193,Avenida Acapu,(Cond. Resd. Bougainvillea),Renascer,5258,4
68907194,Rua Angelim,(Cond. Resd. Bougainvillea),Renascer,5258,4
68907195,Rua Macacaúba,(Cond.Resd. Bougainvillea),Renascer,5258,4
68907196,Rua Jacarandá,(Cond. Resd. Bougainvillea),Renascer,5258,4
68907197,Rua Paricá,(Cond. Resd. Bougainvillea),Renascer,5258,4
68907198,Rua Jatobá,(Cond. Resd. Bougainvillea),Renascer,5258,4
68907199,Rua Ipê,(Cond. Resd. Bougainvillea),Renascer,5258,4
68907251,Travessa Durval Melo,,Renascer,5258,4
68908002,Rua Carlos Daniel,,Infraero,5258,4
68908021,Rua Meton Jucá Junior,(Conj. Habit.Macapaba),Infraero,5258,4
68908022,Rua Herbert de Souza,(Conj. Habit.Macapaba),Infraero,5258,4
68908023,Rua Aldony Fonseca,(Conj. Habit.Macapaba),Infraero,5258,4
68908024,Rua Zuleika Angel Jones,(Conj. Habit.Macapaba),Infraero,5258,4
68908025,Rua Carlos Mariguela,(Conj.Hab.Macapaba),Infraero,5258,4
68908090,Rua da Ressaca,(lot. infraero II),Infraero,5258,4
68908094,Rua Salmo Cento e Dezenove,(lot. Ilha Mirim),Infraero,5258,4
68908273,Passagem Jovino Dinoá,,Pacoval,5258,4
68908274,Passagem Manoel Pacífico Cantuária,,Pacoval,5258,4
68908456,Travessa São Jorge,,São Lázaro,5258,4
68908797,Avenida Tucumã,(Lot. Morada das Palmeiras),Infraero,5258,4
68908798,Avenida Oliveiras,(Lot. Moradas das Palmeiras),Infraero,5258,4
68908799,Avenida Cupuaçú,(Lot. Morada das Palmeiras),Infraero,5258,4
68908800,Avenida Parauapebas,(Lot. Morada das Palmeiras),Infraero,5258,4
68908830,Avenida das Mangas,(Lot. Açai),Infraero,5258,4
68908831,Avenida das Melancias,(lot. Açai),Infraero,5258,4
68908972,Avenida Sergipe 88 Galpão 376,,Pacoval,5258,4
68909001,Travessa Vinte de Novembro,,Jardim Felicidade,5258,4
68909002,Travessa Leão Zagury,- até 1199/1200,Jardim Felicidade,5258,4
68909056,Avenida Sebastião Queiroz Alcântara,- de 2400/2401 a 4000/4001,Jardim Felicidade,5258,4
68909338,Avenida Bananal,,Brasil Novo,5258,4
68909339,Rua Brasil Novo,,Brasil Novo,5258,4
68909341,Travessa Macaxeira,,Brasil Novo,5258,4
68909342,Rua Piçarreira,,Brasil Novo,5258,4
68909343,Rua Maçã Verde,,Brasil Novo,5258,4
68909344,Rua Uva,,Brasil Novo,5258,4
68909345,Travessa Damasco,,Brasil Novo,5258,4
68909346,Rua Morango,,Brasil Novo,5258,4
68909347,Travessa Bananal,,Brasil Novo,5258,4
68909348,Travessa Prata,,Brasil Novo,5258,4
68909349,Travessa Ás de Ouro,,Brasil Novo,5258,4
68909351,Rua Pitombeira,,Brasil Novo,5258,4
68909352,Rua Kiwi,,Brasil Novo,5258,4
68909353,Rua Lago Verde,,Brasil Novo,5258,4
68909354,Travessa Bananeira,,Brasil Novo,5258,4
68909355,Rua Piquias,,Brasil Novo,5258,4
68909356,Rua Central,,Brasil Novo,5258,4
68909357,Rua Jabuticaba,,Brasil Novo,5258,4
68909358,Travessa Piquias,,Brasil Novo,5258,4
68909359,Travessa Morango,,Brasil Novo,5258,4
68909361,Travessa Macapá,,Brasil Novo,5258,4
68909362,Avenida Belém,,Brasil Novo,5258,4
68909363,Travessa Pitombeira,,Brasil Novo,5258,4
68909364,Avenida Jaqueira,,Brasil Novo,5258,4
68909365,Travessa Dourados,,Brasil Novo,5258,4
68909366,Travessa Saputi,,Brasil Novo,5258,4
68909367,Travessa Buriti,,Brasil Novo,5258,4
68909368,Travessa Goiaba,,Brasil Novo,5258,4
68909369,Travessa Manaus,,Brasil Novo,5258,4
68909377,Rua Piquiá,,Brasil Novo,5258,4
68909383,Travessa Santarém,,Brasil Novo,5258,4
68909384,Travessa Caju,,Brasil Novo,5258,4
68909386,Travessa Asmobil,,Brasil Novo,5258,4
68909387,Travessa Segingais,,Brasil Novo,5258,4
68909388,Rua Dourados,,Brasil Novo,5258,4
68909389,Avenida Dourados,,Brasil Novo,5258,4
68909392,Rua Bananal,,Brasil Novo,5258,4
68909399,Travessa Piquiá,,Brasil Novo,5258,4
68909540,Travessa Nossa Senhora Aparecida,(Lot S José),Boné Azul,5258,4
68909541,Travessa São Francisco,(Lot. são Jose),Boné Azul,5258,4
68909618,Travessa Juá,(Lot. Ipê),Boné Azul,5258,4
68909619,Travessa Juazeiro,(Lot. Ipê),Boné Azul,5258,4
68909620,Rua Cumaru,(Lot. Ipê),Boné Azul,5258,4
68909621,Travessa Pracuúba,(Lot. Ipê),Boné Azul,5258,4
68909622,Travessa Cupiuba,(Lot. Ipê),Boné Azul,5258,4
68909623,Travessa Pau-Roxo,(Lot Ipê),Boné Azul,5258,4
68909624,Travessa Jacarandá,(Lot. Ipê),Boné Azul,5258,4
68909625,Travessa Pau D'arco,(Lot. Ipê),Boné Azul,5258,4
68909626,Travessa Jerusalém,(Lot. Ipê),Boné Azul,5258,4
68909627,Avenida Jequitibá,(Lot. Ipê),Boné Azul,5258,4
68909628,Rua Quilombo do Curiaú,(Lot. Ipê),Boné Azul,5258,4
68909629,Rua Sucupira,(Lot. Ipê),Boné Azul,5258,4
68909630,Passagem Santo Antônio,(Lot. Ipê),Boné Azul,5258,4
68909651,Rua Um,(Lot. Resd. Terra Nova),Lagoa Azul,5258,4
68909652,Rua Dois,(Lot. Resd.Terra Nova),Lagoa Azul,5258,4
68909653,Rua Três,(Lot.Resd. Terra Nova),Lagoa Azul,5258,4
68909654,Rua Quatro,(Lot. Resd. Terra Nova),Lagoa Azul,5258,4
68909655,Rua Cinco,(Lot.Resd.Terra Nova),Lagoa Azul,5258,4
68909783,Rua Manoel Marreiros Ferreira,(Com. Esconderijo do Altissimo),Lagoa Azul,5258,4
68909784,Avenida Maria Edina Rosa Perreira,(Com. Esconderijo do Altissimo),Lagoa Azul,5258,4
68909785,Rua São Francisco,(Com.Esconderijo do Altissimo),Lagoa Azul,5258,4
68909786,Rua Clenildo Sales,(Com. Esconderijo do Altissimo),Lagoa Azul,5258,4
68909787,Rua Manoel Gilberto,(Com. Esconderijo do Altissimo),Lagoa Azul,5258,4
68909794,Travessa Leão Zagury,- de 1220/1221 a 2000/2001,Novo Horizonte,5258,4
68909795,Avenida Sebastião Queiroz Alcântara,- até 1999/2000,Novo Horizonte,5258,4
68909796,Alameda Marabaixo,,Novo Horizonte,5258,4
68909797,Travessa da Luz,,Novo Horizonte,5258,4
68909798,Alameda dos Anjos,,Novo Horizonte,5258,4
68909799,Alameda Curiaú,,Novo Horizonte,5258,4
68911116,Rua Benoni Peres Fomes,,Fazendinha,5258,4
68911500,Alameda Primavera,(Resd. Verana),Muruci (Fazendinha),5258,4
68911501,Alameda Passaros,(Resd. Verana),Muruci (Fazendinha),5258,4
68911502,Alameda das Cores,(Resd. Verana),Muruci (Fazendinha),5258,4
68911503,Alameda Flor de Maio,(Resd. Verana),Muruci (Fazendinha),5258,4
68911504,Alameda das Brisas,(Resd. Verana),Muruci (Fazendinha),5258,4
68911505,Alameda dos Aromas,(Resd. Verana),Muruci (Fazendinha),5258,4
68911506,Alameda Caminho da Mata,(Resd. Verana),Muruci (Fazendinha),5258,4
68911507,Alameda do Sol,"(Resd, Verana)",Muruci (Fazendinha),5258,4
68911508,Alameda do Luar,(Resd. Verana),Muruci (Fazendinha),5258,4
68911509,Alameda Campina,(Resd. Verana),Muruci (Fazendinha),5258,4
68911510,Alameda Bosque,(Resd. Verana),Muruci (Fazendinha),5258,4
68911511,Alameda das Flores,(Resd. Verana),Muruci (Fazendinha),5258,4
68911512,Alameda Horizonte,(Resd. Verana),Muruci (Fazendinha),5258,4
68911513,Alameda Recanto,(Resd. Verana),Muruci (Fazendinha),5258,4
68911514,Alameda Paisagem,(Resd. Verana),Muruci (Fazendinha),5258,4
68911515,Alameda das Estrelas,(Reasd. Verana),Muruci (Fazendinha),5258,4
68911516,Alameda Verão,(Resd. Verana),Muruci (Fazendinha),5258,4
68925118,Avenida Canal dos Madeireiros,,Comercial,8189,4
68925220,Travessa Álvaro Barros,,Central,8189,4
68925221,Travessa Atlântico,,Central,8189,4
68925223,Travessa Maria Vitorina,,Central,8189,4
68926163,Rua D 15,,Vila Amazonas,8189,4
68928393,Rua Salmo 21,,Fé em Deus,8189,4
68928396,Avenida Salmo 23,,Fé em Deus,8189,4
68928399,Passagem Salmo 23,,Fé em Deus,8189,4
68928401,Passagem Salmo 91,,Fé em Deus,8189,4
68928404,Avenida Salmo 91,,Fé em Deus,8189,4
68928406,Avenida Brasil,,Fé em Deus,8189,4
68928408,Rua Salmo 23,,Fé em Deus,8189,4
68928410,Rua Brasil,,Fé em Deus,8189,4
68929510,Ramal da Banakoba,,Distrito Industrial,8189,4
68929513,Travessa Rio Tefé,(Resd. Aqv. Tucunaré),Distrito Industrial,8189,4
68929514,Travessa Rio Tocantins,(Resd. Aqv. Tucunaré),Distrito Industrial,8189,4
68929515,Travessa Rio Vila Nova,(Resd. Aqv. Tucunaré),Distrito Industrial,8189,4
68929517,Travessa Rio Xingu,(Resd. Aqv. Tucunaré),Distrito Industrial,8189,4
68929537,Alameda Mar Mediterrâneo,(Resd. Aqv. Tucunaré),Distrito Industrial,8189,4
68929538,Alameda Rio Anajás,(Resd. Aqv. Tucunaré),Distrito Industrial,8189,4
68929539,Alameda Rio Araguari,(Resd. Aqv. Tucunaré),Distrito Industrial,8189,4
68929541,Alameda Rio Maracá,(Resd. Aqv. Tucunaré),Distrito Industrial,8189,4
68929542,Alameda Rio Vila Nova,(Resd. Aqv. Tucunaré),Distrito Industrial,8189,4
68929543,Avenida Acquaville,(Resd. Aqv. Tucunaré),Distrito Industrial,8189,4
68929545,Avenida Rio Amapá,(Resd. Aqv. Tucunaré),Distrito Industrial,8189,4
68929546,Avenida Rio Calçoene,(Resd. Aqv. Tucunaré),Distrito Industrial,8189,4
68929547,Avenida Rio Madeira,(Resd. Aqv. Tucunaré),Distrito Industrial,8189,4
68929549,Avenida Rio Maracá,(Resd. Aqv. Tucunaré),Distrito Industrial,8189,4
68929550,Avenida Rio Tartarugualzinho,(Resd. Aqv. Tucunaré),Distrito Industrial,8189,4
68929551,Rua Rio Amapari,(Resd. Aqv. Tucunaré),Distrito Industrial,8189,4
68929553,Rua Rio Amazonas,(Resd. Aqv. Tucunaré),Distrito Industrial,8189,4
68929554,Rua Rio Araguari,(Resd. Aqv. Tucunaré),Distrito Industrial,8189,4
68929555,Rua Rio Pedreira,(Resd. Aqv. Tucunaré),Distrito Industrial,8189,4
68929557,Rua Rio Trombetas,(Resd. Aqv. Tucunaré),Distrito Industrial,8189,4
68929558,Travessa Baia do Guajará,(Resd. Aqv. Tucurané),Distrito Industrial,8189,4
68929559,Travessa Lago Azul,(Resd. Aqv. Tucunaré),Distrito Industrial,8189,4
68929561,Travessa Lago Novo,(Resd. Aqv. Tucunaré),Distrito Industrial,8189,4
68929562,Travessa Lago Verde,(Resd. Aqv. Tucunaré),Distrito Industrial,8189,4
68929563,Travessa Mar Adriático,(Resd. Aqv. Tucunaré),Distrito Industrial,8189,4
68929565,Travessa Parauapebas,(Resd. Aqv. Tucunaré),Distrito Industrial,8189,4
68929566,Travessa Rio Branco,(Resd. Aqv. Tucunaré),Distrito Industrial,8189,4
68929567,Travessa Rio Flexal,(Resd. Aqv. Tucunaré),Distrito Industrial,8189,4
68929569,Travessa Rio Jari,(Resd. Aqv. Tucunaré),Distrito Industrial,8189,4
68929570,Travessa Rio Negro,(Resd. Aqv. Tucunaré),Distrito Industrial,8189,4
68929571,Travessa Rio Oiapoque,(Resd. Aqv. Tucunaré),Distrito Industrial,8189,4
68929573,Travessa Rio Pará,(Resd. Aqv. Tucunaré),Distrito Industrial,8189,4
68929574,Travessa Rio Solimões,(Resd. Aqv. Tucunaré),Distrito Industrial,8189,4
68929575,Travessa Rio Tapajós,(Resd. Aqv. Tucunaré),Distrito Industrial,8189,4
68929577,Alameda Baia do Guajará,(Resd.Acq. Tucunaré),Distrito Industrial,8189,4
68929578,Alameda Grande Rio,(Resd. Aqv. Tucunaré),Distrito Industrial,8189,4
68929579,Alameda Mar Vermelho,(Resd. Aqv. Tucunaré),Distrito Industrial,8189,4
68933001,Rua Beira Rio,,Ilha de Santana,8189,4
68933002,Travessa Rio Pirativa,,Ilha de Santana,8189,4
68933004,Travessa Santana,,Ilha de Santana,8189,4
68933006,Avenida Antonia Henriqueta,,Ilha de Santana,8189,4
