49032500,Avenida Paulo Silva,,Farolândia,521,25
49032971,Avenida Murilo Dantas 300,,Farolândia,521,25
49035005,Avenida Oceânica,,Atalaia,521,25
49035010,Alameda Alberto Magno Paiva,,Coroa do Meio,521,25
49035020,Rua Aloísio Campos,,Atalaia,521,25
49035030,Rua Jornalista João Moreira,,Atalaia,521,25
49035040,Rua Engenheiro Braz Melo Costa,,Atalaia,521,25
49035050,Rua Antônio Andrade,,Coroa do Meio,521,25
49035070,Rua Antônio Maia,,Coroa do Meio,521,25
49035080,Rua Antônio Oliva Paiva,,Atalaia,521,25
49035090,Rua Doutor Fernando Sampaio,,Atalaia,521,25
49035100,Avenida Mario Jorge Menezes Vieira,,Coroa do Meio,521,25
49035110,Rua Engenheiro Francisco Manoel da Costa,,Atalaia,521,25
49035140,Rua Alexandre Freitas Barros,,Coroa do Meio,521,25
49035150,Praça Carvalho Neto,,Atalaia,521,25
49035170,Rua Cônego José Félix de Oliveira,,Coroa do Meio,521,25
49035180,Rua Coronel José Figueiredo de Albuquerque,,Coroa do Meio,521,25
49035190,Rua Urbano Neto,,Coroa do Meio,521,25
49035200,Rua Doutor Álvaro Santana,,Coroa do Meio,521,25
49035210,Rua Desembargador Otávio Souza Leite,,Atalaia,521,25
49035230,Rua Maria Rezende Machado,,Atalaia,521,25
49035250,Rua Pastor Martim Luther King,,Atalaia,521,25
49035253,Travessa Pastor Martim Luther King,,Atalaia,521,25
49035260,Rua Doutor Milton Dortas Mendonça,,Atalaia,521,25
49035265,Avenida Desembargador José Antonio de Andrade Goes,,Atalaia,521,25
49035268,Travessa Um,(Jd Atlântico),Atalaia,521,25
49035270,Rua Doutor Yohn,,Atalaia,521,25
49035300,Rua Engenheiro Jorge de Oliveira Neto,,Coroa do Meio,521,25
49035310,Rua Euclides Góis,,Coroa do Meio,521,25
49035330,Rua Manoel Freitas de Andrade,,Coroa do Meio,521,25
49035355,Rua Gervásio de Araújo Souza,,Atalaia,521,25
49035360,Alameda Gilberto Vieira Leite,,Coroa do Meio,521,25
49035370,Rua Gilson Rolemberg,,Aeroporto,521,25
49035380,Rua Heriberto Rezende Gois,,Coroa do Meio,521,25
49035410,Rua João Hora de Oliveira,,Coroa do Meio,521,25
49035430,Rua Jornalista João Batista de Sant'Anna,,Coroa do Meio,521,25
49035440,Praça José Alves,,Atalaia,521,25
49035450,Rua José de Albuquerque Feijó,,Coroa do Meio,521,25
49035460,Alameda José Samuel de Almeida,,Coroa do Meio,521,25
49035470,Rua José Steremberg,,Atalaia,521,25
49035480,Rua Josias Vieira Dantas,,Coroa do Meio,521,25
49035490,Rua Josué de Carvalho Cunha,,Coroa do Meio,521,25
49035500,Avenida Delmiro Gouveia,,Coroa do Meio,521,25
49035503,Rua Um,(Cj Marcelo Deda),Coroa do Meio,521,25
49035506,Rua Dois,(Cj Marcelo Deda),Coroa do Meio,521,25
49035509,Rua Três,(Cj Marcelo Deda),Coroa do Meio,521,25
49035516,Rua Yolanda Ferrari Vargas,,Coroa do Meio,521,25
49035519,Rua Seis,(Cj Marcelo Deda),Coroa do Meio,521,25
49035523,Rua Sete,(Cj Marcelo Deda),Coroa do Meio,521,25
49035526,Travessa José Rosendo dos Santos,,Coroa do Meio,521,25
49035529,Travessa L3,,Coroa do Meio,521,25
49035530,Rua Manoel Andrade,,Coroa do Meio,521,25
49035533,Rua L4,,Coroa do Meio,521,25
49035536,Rua L 5,,Coroa do Meio,521,25
49035539,Travessa Maria Pureza de Jesus,,Coroa do Meio,521,25
49035560,Rua Monsenhor Edgar Brito,,Atalaia,521,25
49035570,Rua Newton Porto,,Coroa do Meio,521,25
49035615,Largo Eleonor Roosevelt,,Coroa do Meio,521,25
49035620,Avenida Desembargador José Antonio de Andrade Goes,,Coroa do Meio,521,25
49035623,Rua A,(Cj Marcelo Deda),Coroa do Meio,521,25
49035626,Rua B,(Cj Marcelo Deda),Coroa do Meio,521,25
49035629,Rua C,(Cj Marcelo Deda),Coroa do Meio,521,25
49035630,Rua Pedro Mandarino,,Coroa do Meio,521,25
49035633,Rua D,(Cj Marcelo Deda),Coroa do Meio,521,25
49035640,Rua Péricles Vieira de Azevedo,,Coroa do Meio,521,25
49035645,Rua Gervásio de Araújo Souza,- de 1/2 ao fim,Coroa do Meio,521,25
49035650,Rua Poeta José Salles de Campos,,Coroa do Meio,521,25
49035655,Avenida Oceânica,- de 1/2 ao fim,Coroa do Meio,521,25
49035660,Avenida Mário Jorge Menezes Vieira,,Atalaia,521,25
49035670,Travessa José Alves dos Santos,,Atalaia,521,25
49035680,Rua Professor José Freitas de Andrade,,Coroa do Meio,521,25
49035690,Rua Professor Jugurta Feitosa Franco,,Coroa do Meio,521,25
49035710,Rua Renato Fonseca de Oliveira,,Coroa do Meio,521,25
49035720,Avenida Roberto da Costa Barros,,Coroa do Meio,521,25
49035740,Rua Sônia Alves Lopes,,Coroa do Meio,521,25
49035750,Rua Vereador Joaquim Maurício Cardoso Filho,,Coroa do Meio,521,25
49035760,Rua Vicente Mesquita,,Atalaia,521,25
49035765,Rua Guilherme Figueiredo,,Atalaia,521,25
49035770,Rua Waldemar Silva Carvalho,,Coroa do Meio,521,25
49035780,Rua Capitão Tenente Edivaldo Lima Santos,,Coroa do Meio,521,25
49035785,Avenida Santos Dumont,- de 1097/1098 ao fim,Coroa do Meio,521,25
49035803,Travessa Oceanário,,Coroa do Meio,521,25
49035806,Travessa da Delegacia,,Coroa do Meio,521,25
49035809,Travessa Orlinha,,Coroa do Meio,521,25
49035810,Rua Delmiro Gouveia,,Coroa do Meio,521,25
49035818,Travessa Joaquim Cardoso,,Coroa do Meio,521,25
49035900,Avenida Delmiro Gouveia 400,,Coroa do Meio,521,25
49036030,Rua José Saturnino de Oliveira,,Atalaia,521,25
49036070,Rua Doutor Benedito Guedes,,Coroa do Meio,521,25
49036080,Rua Constantino Gomes,,Atalaia,521,25
49036090,Rua Construtor Genival Maciel,,Coroa do Meio,521,25
49036110,Rua João Nunes de Andrade,,Atalaia,521,25
49036120,Travessa K,,Atalaia,521,25
49036130,Rua Professor Joaquim Cardoso,,Coroa do Meio,521,25
49036170,Rua Professora Maria Pureza de Jesus,,Atalaia,521,25
49036180,Rua Coronel José Figueiredo de Albuquerque,,Atalaia,521,25
49036190,Rua Doutor Yolando Vieira de Melo,,Atalaia,521,25
49036210,Rua Cabo Sylvio de Oliveira Cruz,,Atalaia,521,25
49036240,Rua Alda Mesquita Teixeira,,Coroa do Meio,521,25
49036245,Rua Nely Correia de Andrade,,Coroa do Meio,521,25
49036270,Praça Poeta Ascenso Ferreira,,Atalaia,521,25
49036970,Avenida Delmiro Gouveia 400,,Coroa do Meio,521,25
49037000,Rua François Hoald,,Atalaia,521,25
49037010,Praça Alcebíades Paes,,Atalaia,521,25
49037020,Rua Alceu Amoroso Lima,,Aeroporto,521,25
49037023,Rua Jules Norman de Souza,,Aeroporto,521,25
49037026,Rua Agenor Costa Vieira,,Aeroporto,521,25
49037029,Rua Neusa Melo de Meneses,,Aeroporto,521,25
49037030,Rua da Enseada,,Aeroporto,521,25
49037040,Rua das Jangadas,,Aeroporto,521,25
49037050,Avenida Antônio Alves,,Atalaia,521,25
49037060,Rua Arício Guimarães Fortes,,Atalaia,521,25
49037083,Rua A,(Lot Chalés),Aeroporto,521,25
49037086,Rua Félix Mendes Rodrigues,,Aeroporto,521,25
49037089,Rua José Oliveira Lima,,Aeroporto,521,25
49037090,Rua Bráulio Costa,,Atalaia,521,25
49037100,Rua Cinegrafista Pinheiro,,Aeroporto,521,25
49037103,Rua Luiz Leite da Silva,,Aeroporto,521,25
49037109,Rua Vanira Bispo da Luz,,Aeroporto,521,25
49037110,Rua da Concórdia,,Atalaia,521,25
49037120,Rua Deputado Clóvis Rollemberg,,Atalaia,521,25
49037130,Avenida Desembargador João Bosco de A. Lima,,Atalaia,521,25
49037143,Rua José Quirino dos Santos,(Lg S Conrado),Aeroporto,521,25
49037146,Rua Manoel Bispo dos Santos,,Aeroporto,521,25
49037150,Rua Lourival Emílio Prata,,Aeroporto,521,25
49037160,Rua Fábio Fortes,,Atalaia,521,25
49037170,Praça Durval Andrade,,Atalaia,521,25
49037180,Rua Durval Maynard,,Atalaia,521,25
49037190,Rua Elenita Nery Gomes,,Aeroporto,521,25
49037193,Rua Lourenço Morais de Almeida,,Aeroporto,521,25
49037196,Rua B,(Lot Sta Tereza),Aeroporto,521,25
49037200,Rua Etelvino Alves Lima,,Atalaia,521,25
49037203,Rua G,(Inv Varzea),Atalaia,521,25
49037210,Rua Exator Ernesto José Francisco,,Aeroporto,521,25
49037213,Rua G,(Lot Sta Tereza),Aeroporto,521,25
49037216,Rua H,(Lot Sta Tereza),Aeroporto,521,25
49037219,Rua D,(Lot Sta Tereza),Aeroporto,521,25
49037220,Rua Firmino Fontes,,Atalaia,521,25
49037230,Rua Doutor Jorge Ricardo Rocha,,Aeroporto,521,25
49037233,Rua E,(Lot Sta Tereza),Aeroporto,521,25
49037236,Rua Maria Áurea Tourinho,,Aeroporto,521,25
49037239,Travessa Ex-Combatente Durval de Souza Prado,,Aeroporto,521,25
49037240,Rua Francisco Rabelo Leite Neto,,Atalaia,521,25
49037250,Travessa O,(Inv Varzea),Atalaia,521,25
49037260,Rua Ariovaldo de Matos,,Aeroporto,521,25
49037263,Rua Manoel Cândido dos Santos,,Aeroporto,521,25
49037266,Rua Manoel Lotério da Ressurreição,,Aeroporto,521,25
49037269,Rua Maria Albertina de Jesus,,Aeroporto,521,25
49037270,Rua Tereza Cristina Almeida Santana,,Aeroporto,521,25
49037280,Praça Armando Feitosa Franco,,Atalaia,521,25
49037290,Rua Jaime de Souza Lima,,Aeroporto,521,25
49037293,Rua Maria Francisca Cavalcante,,Aeroporto,521,25
49037296,Rua Maria do Rosário F Santos,,Aeroporto,521,25
49037299,Rua José Raimundo da Silva,,Aeroporto,521,25
49037310,Rua João Batista Pimentel,,Aeroporto,521,25
49037320,Rua João Garcez Vieira,,Aeroporto,521,25
49037330,Rua Jordão de Oliveira,,Atalaia,521,25
49037340,Rua Jornalista Paulo Costa,,Atalaia,521,25
49037350,Rua José Calumby Barreto,,Aeroporto,521,25
49037353,Praça Recanto da Paz,,Aeroporto,521,25
49037356,Rua Manoel Henrique dos Santos,,Aeroporto,521,25
49037359,Rua Júlia Maria dos Santos,,Aeroporto,521,25
49037360,Rua Alto da Bela Vista,,Atalaia,521,25
49037370,Rua José de Oliveira Barros,,Aeroporto,521,25
49037373,Rua José Gilberto santos da Silva,,Aeroporto,521,25
49037380,Rua José Leite Prado,,Atalaia,521,25
49037390,Avenida José Menezes Prudente,,Aeroporto,521,25
49037393,Rua Um,(Lot Diana),Aeroporto,521,25
49037396,Rua Dois,(Lot Diana),Aeroporto,521,25
49037399,Rua Três,(Lot Diana),Aeroporto,521,25
49037400,Rua José Teles Prudente,,Aeroporto,521,25
49037410,Rua Juiz Moacir Sobral,,Atalaia,521,25
49037445,Avenida Melício Machado,- lado ímpar,Atalaia,521,25
49037450,Avenida Monteiro Lobato,,Atalaia,521,25
49037453,Travessa Monteiro Lobato,,Atalaia,521,25
49037456,Travessa Isaac José Rodrigues,,Atalaia,521,25
49037460,Rua Napoleão Dórea,,Atalaia,521,25
49037470,Rua Niceu Dantas,,Atalaia,521,25
49037475,Avenida Santos Dumont,- até 1088/1089,Atalaia,521,25
49037490,Avenida Poeta Vinícius de Morais,,Atalaia,521,25
49037500,Praça Professor Manoel José Belém,,Aeroporto,521,25
49037503,Rua Quatro,(Lot Diana),Aeroporto,521,25
49037506,Rua Cinco,(Lot Diana),Aeroporto,521,25
49037509,Rua Seis,(Lot Diana),Aeroporto,521,25
49037510,Rua Professor Miguel Rezende,,Atalaia,521,25
49037520,Avenida Professora Virgínia Cardoso Souza,,Aeroporto,521,25
49037523,Rua Sete,(Lot Diana),Aeroporto,521,25
49037526,Alameda Fábio Cardoso Ramos,,Aeroporto,521,25
49037530,Rua Professora Zely Guedes Ximenes,,Aeroporto,521,25
49037531,Residencial Chalés,,Aeroporto,521,25
49037540,Rua Roney de Luca,,Atalaia,521,25
49037543,Rua José Ricardo Unger Maynart,,Atalaia,521,25
49037546,Rua P,(Inv Varzea),Atalaia,521,25
49037549,Rua Q,(Inv Varzea),Atalaia,521,25
49037550,Avenida Rotary,,Atalaia,521,25
49037563,Rua Cândido Inácio,,Aeroporto,521,25
49037566,Travessa Cândido Inácio,,Aeroporto,521,25
49037570,Praça Santos Dumont,,Aeroporto,521,25
49037580,Avenida Senador Júlio Leite,,Aeroporto,521,25
49037589,Travessa Wolney Matos,,Aeroporto,521,25
49037590,Rua Wilson Barbosa de Melo,,Atalaia,521,25
49037600,Rua Manoel Rodrigues dos Santos,,Aeroporto,521,25
49037603,Rua Jornalista José Eugênio de Jesus,,Aeroporto,521,25
49037606,Rua B,(Cj Beira-Mar II),Aeroporto,521,25
49037609,Rua F,(Cj Beira-Mar II),Aeroporto,521,25
49037620,Rua João Carvalho de Aragão,,Atalaia,521,25
49037630,Rua Alberto Bragança de Azevedo,,Atalaia,521,25
49037640,Rua Eduardo Abreu,,Atalaia,521,25
49037650,Rua Doutor Aristóteles Augusto da Silva,,Aeroporto,521,25
49037656,Rua Maria Gilda de Oliveira,,Aeroporto,521,25
49037659,Rua José Barreto Fontes,,Aeroporto,521,25
49037660,Rua Rosina Matos,,Aeroporto,521,25
49037670,Rua do Igaruana,,Aeroporto,521,25
49037680,Alameda dos Búzios,,Aeroporto,521,25
49037690,Rua Vicente Ourives,,Aeroporto,521,25
49037691,Rua Coronel Jaime Simões,,Aeroporto,521,25
49037692,Rua Valdomiro Santos Fiel,,Aeroporto,521,25
49037693,Rua Alexandro Mota Prado,,Aeroporto,521,25
49037694,Rua dos Cocos,,Aeroporto,521,25
49037695,Rua D,(Lot Sta Clara),Aeroporto,521,25
49037696,Rua E,(Lot Sta Clara),Aeroporto,521,25
49037699,Rua A,(Lot Sta Clara),Aeroporto,521,25
49037713,Rua B,(Lot Sta Clara),Aeroporto,521,25
49037716,Rua C,(Lot Sta Clara),Aeroporto,521,25
49037719,Rua F,(Lot Sta Clara),Aeroporto,521,25
49037720,Rua Agnaldo José Brito,,Aeroporto,521,25
49037730,Rua da Laguna,,Aeroporto,521,25
49037740,Rua André Ramos,,Atalaia,521,25
49037750,Rua das Medusas,,Aeroporto,521,25
49037780,Rua José Argemiro Reis,,Atalaia,521,25
49037800,Rua Professor Libêncio,,Aeroporto,521,25
49037810,Rua Carlos Alberto de Jesus,,Aeroporto,521,25
49037816,Rua Padre Cícero,,Aeroporto,521,25
49037819,Rua Isabel Dória Leite,,Aeroporto,521,25
49037820,Travessa José Franculino dos Santos,,Aeroporto,521,25
49037821,Praça Selda de Vasconcelos Silveira,,Aeroporto,521,25
49037831,Rua Sandoval Manuel dos Santos,,Atalaia,521,25
49037834,Avenida Hildete Falcão Baptista,- lado ímpar,Atalaia,521,25
49037837,Avenida Empresário José Carlos Silva,- lado ímpar,Atalaia,521,25
49037840,Rua Marilene de Oliveira Reis,,Aeroporto,521,25
49037843,Rua Júlio César Leite,,Aeroporto,521,25
49037846,Travessa B,(Lot Valdomiro),Aeroporto,521,25
49037849,Rua Sete de Setembro,,Aeroporto,521,25
49037852,Rua Nossa Senhora da Paz,,Aeroporto,521,25
49037856,Rua Jornalista Fernando Souza,,Aeroporto,521,25
49037858,Rua A,(Lot JC Barros),Aeroporto,521,25
49037861,Rua B,(Lot JC Barros),Aeroporto,521,25
49037864,Rua C,(Lot JC Barros),Aeroporto,521,25
49037867,Rua D,(Lot JC Barros),Aeroporto,521,25
49037870,Rua E,(Lot JC Barros),Aeroporto,521,25
49037873,Rua Quatro,(Lot S João),Aeroporto,521,25
49037876,Rua Três,(Lot S João),Aeroporto,521,25
49037879,Rua Dois,(Lot S João),Aeroporto,521,25
49037971,"Avenida Senador Júlio Leite, s/n",,Aeroporto,521,25
49037972,Rua Agenor Costa Vieira 70,,Aeroporto,521,25
49037973,Avenida Melício Machado 1061,,Atalaia,521,25
49038010,Praça Major Bernardino Dantas,,Atalaia,521,25
49038013,Rua A,(Lot Atalaia Sul),Atalaia,521,25
49038016,Rua B,(Lot Atalaia Sul),Atalaia,521,25
49038019,Rua C,(Lot Atalaia Sul),Atalaia,521,25
49038023,Rua Charles Nascimento Monteiro,,Atalaia,521,25
49038026,Rua Igor de Faro Franco,,Atalaia,521,25
49038029,Rua Paulo Silvio Bastos,,Atalaia,521,25
49038032,Rua G,(Lot Atalaia Sul),Atalaia,521,25
49038035,Rua H,(Lot Atalaia Sul),Atalaia,521,25
49038038,Rua I,(Lot Atalaia Sul),Atalaia,521,25
49038040,Rua K,(Lot Atalaia Sul),Atalaia,521,25
49038043,Rua J,(Lot Atalaia Sul),Atalaia,521,25
49038050,Alameda dos José Carlos Vital,,Aeroporto,521,25
49038060,Avenida Alexandre Alcino,,Aeroporto,521,25
49038070,Rua dos Corais,,Aeroporto,521,25
49038080,Rua dos Halibutes,,Aeroporto,521,25
49038090,Rua Comandante Guy Ulbricht,,Atalaia,521,25
49038110,Rua Jorgeval Francisco dos Santos,,Atalaia,521,25
49038130,Rua Thaís Maria Araújo de Oliveira,,Aeroporto,521,25
49038140,Rua Napoleão Francisco de Melo,,Aeroporto,521,25
49038150,Rua Poeta Augusto dos Anjos,,Atalaia,521,25
49038160,Rua Poeta Mário Quintana,,Atalaia,521,25
49038170,Rua Poeta Manuel Bandeira,,Atalaia,521,25
49038173,Rua Domingos Vasconcelos,,Atalaia,521,25
49038180,Rua Contador Juraci Santana Pereira,,Aeroporto,521,25
49038190,Rua Comerciante Ananias Nascimento,,Aeroporto,521,25
49038200,Rua Poeta Raul de Leoni,,Atalaia,521,25
49038210,Rua Poeta Jorge de Lima,,Atalaia,521,25
49038220,Rua Poeta Ronaldo de Carvalho,,Atalaia,521,25
49038230,Rua Poeta Augusto Frederico Schimidt,,Atalaia,521,25
49038240,Rua Poeta Garcia Rosa,,Atalaia,521,25
49038250,Rua Poeta Carlos Pena Filho,,Atalaia,521,25
49038260,Avenida Silvério Leite Fontes,- lado par,Aeroporto,521,25
49038270,Travessa Francelino Santos,,Aeroporto,521,25
49038280,Rua dos Lírios,,Aeroporto,521,25
49038290,Praça das Mães,,Aeroporto,521,25
49038300,Rua Pedro Lazar,,Aeroporto,521,25
49038310,Rua Deputado Raimundo Diniz,,Atalaia,521,25
49038313,Travessa Deputado Raimundo Diniz,,Atalaia,521,25
49038320,Rua Lídia da Silva Oliveira,,Atalaia,521,25
49038330,Rua Palmira Machado e Silva,,Atalaia,521,25
49038340,Rua Manoel Motta,,Aeroporto,521,25
49038350,Rua Professora Alira da Silva Carmo,,Aeroporto,521,25
49038360,Rua das Dunas,,Aeroporto,521,25
49038370,Rua da Aurora,,Aeroporto,521,25
49038380,Rua do Sol,,Aeroporto,521,25
49038390,Rua Professora Iria Sá dos Santos,,Aeroporto,521,25
49038400,Rua Francisco Ferreira de Oliveira,,Aeroporto,521,25
49038410,Rua Gentil Barbosa de Jesus,,Aeroporto,521,25
49038420,Rua Orlando Sobral dos Santos,,Aeroporto,521,25
49038430,Rua das Bromélias,,Aeroporto,521,25
49038440,Avenida Fábio José Cardoso Ramos,,Aeroporto,521,25
49038443,Avenida Melício Machado,- lado par,Aeroporto,521,25
49038446,Avenida Hildete Falcão Baptista,- lado par,Aeroporto,521,25
49038449,Avenida Empresário José Carlos Silva,- lado ímpar,Aeroporto,521,25
49038452,Rua Isaac José Rodrigues,,Aeroporto,521,25
49040000,Rua Padre José de Anchieta,,Inácio Barbosa,521,25
49040010,Avenida Adelbrando Franco Menezes,- lado ímpar,Inácio Barbosa,521,25
49040020,Avenida Adélia Franco,- de 3251 ao fim - lado ímpar,Inácio Barbosa,521,25
49040030,Rua Adroaldo Campos,,Inácio Barbosa,521,25
49040050,Rua Ari Barroso,,Inácio Barbosa,521,25
49040070,Avenida Beira Rio,,Inácio Barbosa,521,25
49040080,Rua Carlos Gomes,,Inácio Barbosa,521,25
49040090,Travessa Casimiro de Abreu,,Inácio Barbosa,521,25
49040100,Rua Castro Alves,,Inácio Barbosa,521,25
49040110,Avenida Cecília Meireles,,Inácio Barbosa,521,25
49040120,Rua Ceicinha Vieira,,Inácio Barbosa,521,25
49040130,Rua Copérnico,,Inácio Barbosa,521,25
49040133,Travessa Copérnico,,Inácio Barbosa,521,25
49040140,Rua dos Cravos,,Inácio Barbosa,521,25
49040150,Rua Ministro Apolônio Sales,,Inácio Barbosa,521,25
49040160,Rua dos Crisântemos,,Inácio Barbosa,521,25
49040170,Rua das Dálias,,Inácio Barbosa,521,25
49040180,Rua Doutor Osvaldo Cruz,,Inácio Barbosa,521,25
49040190,Rua Euclides da Cunha,,Inácio Barbosa,521,25
49040200,Rua dos Flamboyants,,Inácio Barbosa,521,25
49040210,Rua dos Girassóis,,Inácio Barbosa,521,25
49040220,Rua Gonçalves Dias,,Inácio Barbosa,521,25
49040250,Rua Isaac Schuster,,Inácio Barbosa,521,25
49040260,Rua Joana de Souza Bonfim,,Inácio Barbosa,521,25
49040270,Rua José Campos,,Inácio Barbosa,521,25
49040280,Rua José de Alencar,,Inácio Barbosa,521,25
49040290,Rua José Jacob Dias Polito,,Inácio Barbosa,521,25
49040293,Rua Gerson dos Santos,,Inácio Barbosa,521,25
49040300,Rua Júpiter,,Inácio Barbosa,521,25
49040310,Rua dos Lírios,,Inácio Barbosa,521,25
49040320,Rua Lourival Andrade,,Inácio Barbosa,521,25
49040330,Rua Machado de Assis,,Inácio Barbosa,521,25
49040340,Rua das Margaridas,,Inácio Barbosa,521,25
49040350,Avenida Ângela Maria Santana Ribeiro,,Inácio Barbosa,521,25
49040353,Rua Sargento Cícero Ricardo de Silva,,Inácio Barbosa,521,25
49040356,Rua Emília Anchieta Santos,,Inácio Barbosa,521,25
49040370,Rua Marte,,Inácio Barbosa,521,25
49040380,Rua Mercúrio,,Inácio Barbosa,521,25
49040383,Travessa Mercúrio,,Inácio Barbosa,521,25
49040400,Praça dos Nacionalistas,,Inácio Barbosa,521,25
49040410,Rua Netuno,,Inácio Barbosa,521,25
49040420,Rua Olavo Bilac,,Inácio Barbosa,521,25
49040430,Rua das Orquídeas,,Inácio Barbosa,521,25
49040460,Avenida Paulo VI,,Inácio Barbosa,521,25
49040470,Praça Pedro Diniz Gonçalves Filho,,Inácio Barbosa,521,25
49040480,Rua Plutão,,Inácio Barbosa,521,25
49040490,Avenida Presidente Tancredo Neves,- até 2695 - lado ímpar,Inácio Barbosa,521,25
49040500,Avenida Presidente Tancredo Neves,- de 2002 a 2200 - lado par,Inácio Barbosa,521,25
49040510,Rua Professor José de Lima Peixoto,,Inácio Barbosa,521,25
49040520,Rua Professor Sebrão Sobrinho,,Inácio Barbosa,521,25
49040530,Rua Professora Valdice Andrade,,Inácio Barbosa,521,25
49040540,Rua Ptolomeu,,Inácio Barbosa,521,25
49040550,Rua das Rosas,,Inácio Barbosa,521,25
49040560,Rua Rui Barbosa,,Inácio Barbosa,521,25
49040570,Rua Saldanha da Gama,,Inácio Barbosa,521,25
49040580,Rua Saturno,,Inácio Barbosa,521,25
49040590,Rua Tereza Virgínia Andrade,,Inácio Barbosa,521,25
49040600,Praça Tiradentes,,Inácio Barbosa,521,25
49040610,Rua Universo,,Inácio Barbosa,521,25
49040620,Rua Urano,,Inácio Barbosa,521,25
49040623,Travessa Urano,,Inácio Barbosa,521,25
49040630,Rua Vênus,,Inácio Barbosa,521,25
49040640,Rua Vidal Negreiros,,Inácio Barbosa,521,25
49040643,Rua Jornalista Fernando Sávio,,Inácio Barbosa,521,25
49040650,Rua das Violetas,,Inácio Barbosa,521,25
49040660,Rua Vítor Meireles,,Inácio Barbosa,521,25
49040670,Rua Volney Loureiro Tavares,,Inácio Barbosa,521,25
49040680,Rua Zumbi dos Palmares,,Inácio Barbosa,521,25
49040700,Rua Quirino,,Inácio Barbosa,521,25
49040703,Travessa Edson Cardoso,,Inácio Barbosa,521,25
49040706,Rua Fernando Xavier de Oliveira,,Inácio Barbosa,521,25
49040710,Praça Vereador Raul Ferreira de Andrade,,Inácio Barbosa,521,25
49040720,Rua Reginaldo Passos Pina,,Inácio Barbosa,521,25
49040730,Rua Laudicea Ferreira Andrade,,Inácio Barbosa,521,25
49040740,Rua Paulo Henrique Machado Pimentel,,Inácio Barbosa,521,25
49040741,Travessa Metal Norte,,Inácio Barbosa,521,25
49040750,Rua José Gonçalves Valença,,Inácio Barbosa,521,25
49040760,Rua Andrezina Vieira Dória,,Inácio Barbosa,521,25
49040770,Praça Monteiro Lobato,,Inácio Barbosa,521,25
49040780,Rua Gutemberg Chagas,,Inácio Barbosa,521,25
49040790,Rua Doutor Áureo Dias Galvão,,Inácio Barbosa,521,25
49040800,Rua Pedro Lisboa,,Inácio Barbosa,521,25
49040810,Rua das Hortênsias,,Inácio Barbosa,521,25
49040830,Rua Manoel de Oliveira Martins,,Inácio Barbosa,521,25
49040850,Avenida Empresário José Carlos Silva,,Inácio Barbosa,521,25
49040970,Travessa Metal Norte 8 Salão 8,,Inácio Barbosa,521,25
49041010,Rua João Bezerra Diniz,,Inácio Barbosa,521,25
49041013,Avenida Pantanal,,Inácio Barbosa,521,25
49041017,Rua Monte das Oliveiras,,Inácio Barbosa,521,25
49041019,Travessa Monte das Oliveiras,,Inácio Barbosa,521,25
49041020,Rua Professora Rosa Faria,,Inácio Barbosa,521,25
49041023,Rua São Expedito,,Inácio Barbosa,521,25
49041025,Rua Vitória,,Inácio Barbosa,521,25
49041030,Rua José Mesquita Neto,,Inácio Barbosa,521,25
49041040,Rua Carlos Hamilton Silva Gomes,,Inácio Barbosa,521,25
49041050,Rua Ivo Gomes,,Inácio Barbosa,521,25
49041052,Travessa Ivo Gomes,,Inácio Barbosa,521,25
49041054,Travessa Alves,,Inácio Barbosa,521,25
49041060,Rua Bosco Scaffs,,Inácio Barbosa,521,25
49041070,Praça Guadalupe Mendonça,,Inácio Barbosa,521,25
49041090,Rua Engenheiro Marcondes Ferraz,- até 9997/9998,Inácio Barbosa,521,25
49041092,Rua H,(Lot Rio Poxim),Inácio Barbosa,521,25
49041094,Rua L,(Lot Rio Poxim),Inácio Barbosa,521,25
49041110,Rua João Pereira Feitosa,,Inácio Barbosa,521,25
49041113,Travessa Quatorze,(Prq Coqueiros),Inácio Barbosa,521,25
49041116,Travessa Jordão,,Inácio Barbosa,521,25
49041119,Travessa O,(Inv Pantanal),Inácio Barbosa,521,25
49041120,Rua João Ávila Neto,,Inácio Barbosa,521,25
49041123,Rua Laís Grangeiro de Queiroz,,Inácio Barbosa,521,25
49041130,Rua Engenheiro Antônio Alves de Souza,,Inácio Barbosa,521,25
49041140,Rua Roberto Fonseca,,Inácio Barbosa,521,25
49041143,Rua P,(Jd Esperança),Inácio Barbosa,521,25
49041146,Travessa Pedro Garcia Moreno Neto,,Inácio Barbosa,521,25
49041149,Rua Elizete Aragão Cabral,,Inácio Barbosa,521,25
49041150,Rua dos Cravos II,(Prq Coqueiros),Inácio Barbosa,521,25
49041153,Travessa dos Cravos II,(Prq Coqueiros),Inácio Barbosa,521,25
49041156,Rua Benedita de Almeida Silva,,Inácio Barbosa,521,25
49041159,Avenida do Gari,,Inácio Barbosa,521,25
49041160,Praça Zé Pretinho,,Inácio Barbosa,521,25
49041163,Travessa das Margaridas,(D I A),Inácio Barbosa,521,25
49041166,Travessa J,(D I A),Inácio Barbosa,521,25
49041169,Travessa I,(D I A),Inácio Barbosa,521,25
49041170,Rua I,(Lot.Rio Poxim),Inácio Barbosa,521,25
49041190,Rua Gráfico José Benedito dos Santos,,Inácio Barbosa,521,25
49042000,Avenida Francisco José da Fonseca,,São Conrado,521,25
49042010,Rua Abílio Ferreira,,São Conrado,521,25
49042020,Rua Airton Santana,,São Conrado,521,25
49042030,Rua Anita Vasconcelos Tavares,,São Conrado,521,25
49042040,Rua Antônio da Cruz Filho,,São Conrado,521,25
49042050,Rua Antônio Romoaldo Viana dos Santos,,São Conrado,521,25
49042053,Rua Quarenta e Oito,(Cj Orlando Dantas),São Conrado,521,25
49042056,Rua Zoroastro Rodrigues Santos,,São Conrado,521,25
49042060,"Rua Antônio Souza Montes, 279",,São Conrado,521,25
49042063,Rua JN,,São Conrado,521,25
49042069,Travessa JN 2,,São Conrado,521,25
49042070,Rua Capitão Ademário Rodrigues do Nascimento,,São Conrado,521,25
49042073,Travessa Cinco,,São Conrado,521,25
49042076,Travessa Seis,,São Conrado,521,25
49042079,Travessa Sete,,São Conrado,521,25
49042082,Travessa JN 3,,São Conrado,521,25
49042085,Travessa JN 4,,São Conrado,521,25
49042090,Rua Coronel Antônio Oliveira,,São Conrado,521,25
49042100,Rua Coronel Fausto Alves Feitosa,,São Conrado,521,25
49042110,Praça Dário Ferreira Nunes,,São Conrado,521,25
49042130,Rua Edite Lopes de Menezes,,São Conrado,521,25
49042140,Rua Eduardo Dantas do Espírito Santo,,São Conrado,521,25
49042143,Avenida São Cristovão,,São Conrado,521,25
49042146,Rua Patrícia Nataly,,São Conrado,521,25
49042149,Rua Central II,,São Conrado,521,25
49042150,Rua Ezequiel Profeta Melo,,São Conrado,521,25
49042156,Travessa BA 1,,São Conrado,521,25
49042159,Travessa BA 2,,São Conrado,521,25
49042163,Rua A,,São Conrado,521,25
49042166,Travessa A2,,São Conrado,521,25
49042169,Rua BA,,São Conrado,521,25
49042170,Rua Francisco Andrade Sales,,São Conrado,521,25
49042180,Rua Gerson Martins Penna,,São Conrado,521,25
49042190,Avenida Empresário José Carlos Silva,,São Conrado,521,25
49042193,Rua Beira Rio,,São Conrado,521,25
49042196,Travessa Beira Rio,,São Conrado,521,25
49042199,Rua Brasil,,São Conrado,521,25
49042200,Rua João Batista da Silva,,São Conrado,521,25
49042207,Rua José Antônio Barros da Silva,,São Conrado,521,25
49042210,Rua João Batista Machado,,São Conrado,521,25
49042213,Travessa Brasil,,São Conrado,521,25
49042216,Rua CA,,São Conrado,521,25
49042219,Rua São Francisco,,São Conrado,521,25
49042220,Praça Radialista Glau Peixoto,,São Conrado,521,25
49042233,Rua H,,São Conrado,521,25
49042236,Travessa H,,São Conrado,521,25
49042239,Travessa H2,,São Conrado,521,25
49042240,Rua José Aílton de Souza,,São Conrado,521,25
49042250,Rua José Araújo Neto,,São Conrado,521,25
49042253,Rua Cláudio Messias Barreto,,São Conrado,521,25
49042256,Rua Central IV,,São Conrado,521,25
49042260,Avenida José Garcez Vieira,,São Conrado,521,25
49042270,Rua José Vieira Dantas,,São Conrado,521,25
49042280,Rua Juarez Oliveira Leal,,São Conrado,521,25
49042290,Praça Major Honorino Leal,,São Conrado,521,25
49042300,Rua Maria de Jesus Mendes Feitosa,,São Conrado,521,25
49042310,Rua Maria Lúcia Vasconcelos Santos,,São Conrado,521,25
49042320,Rua Maria Rosa Lima,,São Conrado,521,25
49042325,Rua Joaquim Dias da Silva,,São Conrado,521,25
49042330,Rua Marisa Messias dos Santos,,São Conrado,521,25
49042350,Rua Odílio Laureano Costa,,São Conrado,521,25
49042360,Rua Poeta Carlos Drummond de Andrade,,São Conrado,521,25
49042380,Rua Vereador Antônio Sinval Machado,,São Conrado,521,25
49042383,Travessa E,,São Conrado,521,25
49042390,Rua Vereador João Silvestre dos Santos,,São Conrado,521,25
49042400,Rua João Barbosa,,São Conrado,521,25
49042405,Rua Alexandre Belano Vieira Alves,,São Conrado,521,25
49042408,Travessa O,,São Conrado,521,25
49042410,Rua José Campos de Moraes,,São Conrado,521,25
49042420,Rua Jornalista Luiz Trindade,,São Conrado,521,25
49042423,Rua da Independência,,São Conrado,521,25
49042426,Travessa da Independência,,São Conrado,521,25
49042429,Travessa Durval de Souza Prado,,São Conrado,521,25
49042430,Rua Jorge Ramos da Silva,,São Conrado,521,25
49042433,Travessa D,,São Conrado,521,25
49042436,Rua M,,São Conrado,521,25
49042439,Travessa N,,São Conrado,521,25
49042440,Rua Vinte e Oito de Junho,,São Conrado,521,25
49042450,Rua Edla Fraga da Rocha,,São Conrado,521,25
49042455,Rua Josué de Carvalho Cunha,,São Conrado,521,25
49042460,Rua Pedro Calixto,,São Conrado,521,25
49042470,Rua Artur Rodrigues da Silva,,São Conrado,521,25
49042480,Rua Jairo Andrade Macedo,,São Conrado,521,25
49042490,Rua Doutor Lauro Maia,,São Conrado,521,25
49042500,Rua Sindulfo Barreto,,São Conrado,521,25
49042503,Travessa Quinze,(Cj Orlando Dantas),São Conrado,521,25
49042505,Rua Jaime Araújo,,São Conrado,521,25
49042510,Rua Professor Barreto Fontes,,São Conrado,521,25
49042520,Rua Professor João Batista,,São Conrado,521,25
49042530,Rua Sandro Rezende,,São Conrado,521,25
49042540,Rua Promotora Terezinha Santos,,São Conrado,521,25
49042550,Rua Mercedes Amado,,São Conrado,521,25
49042560,Rua Professor José Augusto Seabra Santos,,São Conrado,521,25
49042570,Rua Sindicalista Diomedes Santos Silva,,São Conrado,521,25
49042600,Rua Professora Carlota,,São Conrado,521,25
49042610,Rua Vereador Renildo José,,São Conrado,521,25
49042620,Rua Soldado Manoel Silva,,São Conrado,521,25
49042630,Rua Constantino Tavares,,São Conrado,521,25
49042640,Rua Dudu Viana,,São Conrado,521,25
49042650,Rua Soldado Manoel do Nascimento,,São Conrado,521,25
49042660,Rua José Batalha de Góes,,São Conrado,521,25
49042670,Rua Antônio Valença Monteiro,,São Conrado,521,25
49042680,Rua Carlos Alberto de Freitas,,São Conrado,521,25
49042683,Travessa Mangabinha II,,São Conrado,521,25
49042686,Travessa Mangabinha III,,São Conrado,521,25
49042689,Travessa Mangabinha IV,,São Conrado,521,25
49042690,Praça Dulce Menezes Dantas,,São Conrado,521,25
49042700,Rua Capitão Elpídio Antonio Côrtes,,São Conrado,521,25
49042710,Rua Eronildes Fontes Barreto,,São Conrado,521,25
49042717,Travessa B,,São Conrado,521,25
49042720,Rua Ferroviário José Matias de Siqueira,,São Conrado,521,25
49042723,Rua J,,São Conrado,521,25
49042726,Rua JA,,São Conrado,521,25
49042729,Rua JE,,São Conrado,521,25
49042730,Rua General João Melo Rezende,,São Conrado,521,25
49042740,Rua Gidalvo Dionízio dos Santos,,São Conrado,521,25
49042750,Rua Itamar Sulz Rocha,,São Conrado,521,25
49042760,Rua Manoel Nunes,,São Conrado,521,25
49042765,Rua Osmundo Carvalho Leite,,São Conrado,521,25
49042770,Rua Maria Amélia Souza Almeida,,São Conrado,521,25
49042790,Rua Mestre Messias de Santana,,São Conrado,521,25
49042800,Rua Soldado Oscar Vinhas,,São Conrado,521,25
49042810,Rua Soldado Osvaldo Ferreira,,São Conrado,521,25
49042820,Rua Soldado Pedro Aniceto de Souza,,São Conrado,521,25
49042830,Rua Coronel Reinaldo Torres,,São Conrado,521,25
49042840,Rua Coronel Roque Simas,,São Conrado,521,25
49042842,Rua C,(Rec Gaivotas/Jaçanãs),São Conrado,521,25
49042844,Rua B1,(Conds P Barreto/Rios/Garças),São Conrado,521,25
49042846,Travessa Cabo Walbert Dias Soares,,São Conrado,521,25
49042971,Avenida Francisco José da Fonseca 1382,,São Conrado,521,25
49043010,Rua Soldado Salatiel Santana,,São Conrado,521,25
49043020,Rua Soldado Walfredo Carlos Amaral,,São Conrado,521,25
49043030,Rua Coronel Sílvio Silveira,,São Conrado,521,25
49043040,Rua General João Augusto dos Reis,,São Conrado,521,25
49043050,Rua Expedicionário José Matos Teles,,São Conrado,521,25
49043060,Rua Cabo Walbert Dias Soares,,São Conrado,521,25
49043063,Rua S,,São Conrado,521,25
49043066,Rua Santo Antônio,,São Conrado,521,25
49043069,Travessa Santo Antônio,,São Conrado,521,25
49043070,Rua Expedicionário Gilberto Cardoso Oliveira,,São Conrado,521,25
49043080,Rua Expedicionário José Moreira Barbosa,,São Conrado,521,25
49043083,Travessa Cinco,(Cj Orlando Dantas),São Conrado,521,25
49043090,Rua Expedicionário Brasiliano Oliveira Gomes,,São Conrado,521,25
49043100,Rua Capitão Alberto Santos,,São Conrado,521,25
49043110,Rua Renato Barreto de Menezes,,São Conrado,521,25
49043120,Rua Soldado Luiz Rodrigues da Silva,,São Conrado,521,25
49043130,Rua Soldado Pedro Hilário dos Santos,,São Conrado,521,25
49043133,Travessa Maria Barbosa,,São Conrado,521,25
49043136,Rua N2,,São Conrado,521,25
49043139,Travessa A1,,São Conrado,521,25
49043140,Rua Sargento José Damasceno Filho,,São Conrado,521,25
49043150,Rua Sargento Antônio da Silva Vieira,,São Conrado,521,25
49043160,Rua Capitão Américo Santos,,São Conrado,521,25
49043170,Rua Soldado Manoel Ferreira de Melo,,São Conrado,521,25
49043180,Rua Expedicionário Adolfo Rosendo Santos,,São Conrado,521,25
49043190,Rua Capitão Alberto da Silva Leite,,São Conrado,521,25
49043200,Rua Expedicionário Antônio Barros Alves,,São Conrado,521,25
49043210,Rua Expedicionário Alfredo Antônio da Silva,,São Conrado,521,25
49043220,Rua Sargento Manoel Osvaldo das Neves,,São Conrado,521,25
49043230,Rua Soldado João Ribeiro de Andrade,,São Conrado,521,25
49043233,Rua JR,,São Conrado,521,25
49043236,Rua Antônio Monteiro de Jesus,,São Conrado,521,25
49043239,Travessa K,,São Conrado,521,25
49043240,Rua Capitão Isaías Alves de Souza,,São Conrado,521,25
49043250,Rua Francisco Veiga,,São Conrado,521,25
49043260,Rua Expedicionário Egídio Alves de Oliveira,,São Conrado,521,25
49043263,Travessa Santa Cruz,,São Conrado,521,25
49043266,Rua Z,,São Conrado,521,25
49043269,Rua G,,São Conrado,521,25
49043270,Rua Soldado José da Silva Ferreira,,São Conrado,521,25
49043280,Rua Maria Vitória do Nascimento,,São Conrado,521,25
49043290,Rua José Almicar de Azevedo,,São Conrado,521,25
49043300,Rua Manoel Souza Pereira,,São Conrado,521,25
49043310,Rua Geraldo Pina,,São Conrado,521,25
49043313,Travessa Geraldo Pina,,São Conrado,521,25
49043316,Rua I,,São Conrado,521,25
49043319,Rua São João,,São Conrado,521,25
49043323,Travessa Q2,,São Conrado,521,25
49043326,Rua R,,São Conrado,521,25
49043330,Rua Maria das Graças Menezes Moura,,São Conrado,521,25
49043340,Travessa Corretor Alonso,,São Conrado,521,25
49043343,Rua L,,São Conrado,521,25
49043346,Rua Mangabinha,,São Conrado,521,25
49043349,Travessa Mangabinha I,,São Conrado,521,25
49043350,Rua Arquiteto Willians Campos Santana,,São Conrado,521,25
49043353,Rua P,,São Conrado,521,25
49043356,Rua Antônio Venâncio Sobrinho,,São Conrado,521,25
49043359,Travessa Q1,,São Conrado,521,25
49043362,Rua Q3,,São Conrado,521,25
49043365,Rua NB,,São Conrado,521,25
49043368,Travessa NB,,São Conrado,521,25
49043371,Travessa Independência II,,São Conrado,521,25
49043374,Travessa Independência III,,São Conrado,521,25
49043377,Travessa Z 2,,São Conrado,521,25
49043380,Travessa Z 3,,São Conrado,521,25
49043383,Travessa Z 4,,São Conrado,521,25
49043400,Avenida Tiradentes,(Lot Marivan),Santa Maria,521,25
49043403,Rua São Francisco,(Lot Marivan),Santa Maria,521,25
49043406,Rua São Luis,(Lot Marivan),Santa Maria,521,25
49043409,Rua Santa Clara,(Lot Marivan),Santa Maria,521,25
49043412,Rua São Vicente,(Lot Marivan),Santa Maria,521,25
49043415,Rua Bela Vista,(Lot Marivan),Santa Maria,521,25
49043418,Rua Gonçalves Dias,(Lot Marivan),Santa Maria,521,25
49043421,Rua Nossa Senhora do Carmo,(Lot Marivan),Santa Maria,521,25
49043424,Rua São Jorge,(Lot Marivan),Santa Maria,521,25
49043427,Rua Tom Jobim,(Lot Marivan),Santa Maria,521,25
49043430,Rua Vitória,(Lot Marivan),Santa Maria,521,25
49043433,Rua Mangabinha,(Lot Marivan),Santa Maria,521,25
49043436,Rua Genipapo,(Lot Marivan),Santa Maria,521,25
49043439,Rua F,(Lot Marivan),Santa Maria,521,25
49043442,Rua Rio Pitanga,(Lot Marivan),Santa Maria,521,25
49043445,Avenida Canal 02,(Lot Marivan),Santa Maria,521,25
49043448,Avenida Canal 01,(Lot Marivan),Santa Maria,521,25
49043450,Rua O,(Lot Marivan),Santa Maria,521,25
49043452,Rua C,(Lot Marivan),Santa Maria,521,25
49043454,Rua Q,(Ubatã Lot Marivan),Santa Maria,521,25
49043457,Rua Analú,(Lot Marivan),Santa Maria,521,25
49043460,Avenida Anchieta,(Lot Marivan),Santa Maria,521,25
49043463,Rua Poeta Vinícius de Moraes,,Santa Maria,521,25
49043466,Avenida Jornalista Juarez Conrado Dantas,,Santa Maria,521,25
49043469,Rua Padre Pedro,(Lot Marivan),Santa Maria,521,25
49043472,Rua Ayrton Senna,(Lot Marivan),Santa Maria,521,25
49043475,Rua da Paz,(Lot Marivan),Santa Maria,521,25
49043478,Rua Brasil,(Lot Marivan),Santa Maria,521,25
49043481,Rua Monte Carlo,(Lot Marivan),Santa Maria,521,25
49043484,Rua Frei Damião,(Lot Marivan),Santa Maria,521,25
49043487,Rua Conquista,(Lot Marivan),Santa Maria,521,25
49043490,Rua São Carlos,(Lot Marivan),Santa Maria,521,25
49043493,Rua Antônio Monteiro,,Santa Maria,521,25
49043496,Rua V1,(Lot Marivan),Santa Maria,521,25
49043499,Rua X1,(Lot Marivan),Santa Maria,521,25
49043502,Rua Projetada 1,(Cond Prq das Árvores),Santa Maria,521,25
49043505,Rua Projetada 2,(Cond Encantos do Sul),Santa Maria,521,25
49043510,Rua A1,(Res Sta Maria),Santa Maria,521,25
49043513,Rua A2,(Res Sta Maria),Santa Maria,521,25
49043516,Rua A3,(Res Sta Maria),Santa Maria,521,25
49043522,Rua A5,(Res Sta Maria),Santa Maria,521,25
49043525,Rua A6,(Res Sta Maria),Santa Maria,521,25
49043528,Rua Mangueira,(Res Sta Maria),Santa Maria,521,25
49043531,Rua A8,(Res Sta Maria),Santa Maria,521,25
49043534,Rua União,(Res Sta Maria),Santa Maria,521,25
49043537,Rua A10,(Res Sta Maria),Santa Maria,521,25
49043540,Rua Bastos,(Res Sta Maria),Santa Maria,521,25
49043543,Rua Arcanjo Vitória,(Res Sta Maria),Santa Maria,521,25
49043547,Rua da Paz,(Res Sta Maria),Santa Maria,521,25
49043550,Rua Fábio Anchieta,(Res Sta Maria),Santa Maria,521,25
49043553,Rua Beatriz Souza,(Res Sta Maria),Santa Maria,521,25
49043556,Travessa A9,(Res Sta Maria),Santa Maria,521,25
49043559,Travessa Frei Reginaldo,(Res Sta Maria),Santa Maria,521,25
49043562,Rua César Augusto Leite,(Res Sta Maria),Santa Maria,521,25
49043565,Rua Onilda Azevedo,(Res Sta Maria),Santa Maria,521,25
49043568,Rua Carlos Santos Alves,(Res Sta Maria),Santa Maria,521,25
49043571,Rua Manoel Messias,(Res Sta Maria),Santa Maria,521,25
49043574,Travessa Manoel Messias,(Res Sta Maria),Santa Maria,521,25
49043600,Avenida Gasoduto,,Santa Maria,521,25
49043603,Rua Daniel Menezes,,Santa Maria,521,25
49043606,Rua Pedro Ricardo,,Santa Maria,521,25
49043609,Travessa Pedro Ricardo,,Santa Maria,521,25
49043612,Rua Danilo Menezes,,Santa Maria,521,25
49043615,Travessa Danilo Menezes,,Santa Maria,521,25
49043618,Rua Madson Alves,,Santa Maria,521,25
49043621,Travessa Coelho Neto,,Santa Maria,521,25
49043624,Rua Doze A,(Lot Novo Horizonte),Santa Maria,521,25
49043640,Travessa A,(Lot Sr do Bomfim),Santa Maria,521,25
49043643,Rua Treze,(Lot Sr do Bomfim),Santa Maria,521,25
49043660,Rua São Vicente,(Lot Jd Recreio),Santa Maria,521,25
49043663,Rua Adelino Nascimento,(Lot Jd Recreio),Santa Maria,521,25
49043666,Rua Patrício Barros,(Lot Jd Recreio),Santa Maria,521,25
49043669,Travessa A,(Lot Jd Recreio),Santa Maria,521,25
49043672,Rua B,(Lot Jd Recreio),Santa Maria,521,25
49043675,Travessa B,(Lot Jd Recreio),Santa Maria,521,25
49043678,Rua C,(Lot Jd Recreio),Santa Maria,521,25
49043684,Rua Maria Acácia Pereira,(Lot Jd Recreio),Santa Maria,521,25
49043687,Travessa Santa Cruz,(Lot Jd Recreio),Santa Maria,521,25
49043700,Rua Dois,(Lot Sta Maria),Santa Maria,521,25
49043703,Rua Três,(Lot Sta Maria),Santa Maria,521,25
49043706,Rua Quatro,(Lot Sta Maria),Santa Maria,521,25
49043709,Rua Sete,(Lot Sta Maria),Santa Maria,521,25
49043712,Rua Leopoldo Lourenço da Silva,,Santa Maria,521,25
49043715,Rua Luciano da Silva Faustino,,Santa Maria,521,25
49043718,Rua Dez,(Lot Sta Maria),Santa Maria,521,25
49043721,Rua Onze,(Lot Sta Maria),Santa Maria,521,25
49043724,Rua Rafael Luiz Melo Santos,,Santa Maria,521,25
49043727,Rua Treze,(Lot Sta Maria),Santa Maria,521,25
49043730,Rua Luiz Silva dos Santos,,Santa Maria,521,25
49043733,Rua Quinze,(Lot Sta Maria),Santa Maria,521,25
49043736,Rua Mauro de Carvalho,,Santa Maria,521,25
49043739,Rua Maria Raulinda Dantas de Queiroz,,Santa Maria,521,25
49043742,Rua Dezoito,(Lot Sta Maria),Santa Maria,521,25
49043745,Rua Dezenove,(Lot Sta Maria),Santa Maria,521,25
49043748,Rua Vinte,(Lot Sta Maria),Santa Maria,521,25
49043751,Rua Maria Geruza dos Santos,,Santa Maria,521,25
49043754,Rua Vinte e Dois,(Lot Sta Maria),Santa Maria,521,25
49043757,Rua Vinte e Três,(Lot Sta Maria),Santa Maria,521,25
49043760,Rua Vinte e Quatro,(Lot Sta Maria),Santa Maria,521,25
49043763,Rua Vinte e Cinco,(Lot Sta Maria),Santa Maria,521,25
49043766,Rua Vinte e Seis,(Lot Sta Maria),Santa Maria,521,25
49043769,Rua Vinte e Sete,(Lot Sta Maria),Santa Maria,521,25
49043772,Rua Maria Anacleta Tavares,,Santa Maria,521,25
49043775,Rua Vinte e Nove,(Lot Sta Maria),Santa Maria,521,25
49043778,Rua Trinta,(Lot Sta Maria),Santa Maria,521,25
49043781,Rua Trinta e Um,(Lot Sta Maria),Santa Maria,521,25
49043784,Rua Trinta e Dois,(Lot Sta Maria),Santa Maria,521,25
49043787,Rua Maria do Carmo Batista Santos,,Santa Maria,521,25
49043800,Rua Rosa Azul,,Santa Maria,521,25
49043803,Rua Aguinaldo Dantas,,Santa Maria,521,25
49043806,Travessa do Rosa Azul,,Santa Maria,521,25
49043809,Rua Mangabeiras,(Lot Mangabeiras),Santa Maria,521,25
49043812,Rua Novo Paraiso,,Santa Maria,521,25
49043815,Rua Nova Esperança,,Santa Maria,521,25
49043818,Travessa Um,,Santa Maria,521,25
49043821,Travessa Dois,,Santa Maria,521,25
49043824,Rua Vale do Amanhecer,(Lot Vle Amanhecer),Santa Maria,521,25
49043827,Rua D,(Lot Novo Paraiso),Santa Maria,521,25
49043830,Rua B,(Lot Novo Paraiso),Santa Maria,521,25
49043833,Rua C,(Lot Novo Paraiso),Santa Maria,521,25
49043835,Rua Jequitibá,(Res Jd Sta Maria),Santa Maria,521,25
49043837,Rua Ipê Rosa,(Res Jd Sta Maria),Santa Maria,521,25
49043839,Rua José Luciano Cruz,(Res Jd Sta Maria),Santa Maria,521,25
49043841,Rua Ipê Amarelo,(Res Jd Sta Maria),Santa Maria,521,25
49043844,Rua Flor de Lis,(Res Jd Sta Maria),Santa Maria,521,25
49043847,Rua dos Eucaliptos,,Santa Maria,521,25
49044000,Avenida Valter Barreto,,Santa Maria,521,25
49044020,Rua Coelho Neto,,Santa Maria,521,25
49044060,Estrada Terra Dura,,Santa Maria,521,25
49044070,Avenida Amarela,,Santa Maria,521,25
49044080,Avenida Canal de Santa Maria,,Santa Maria,521,25
49044093,Avenida Alexandre Alcino,,Santa Maria,521,25
49044100,Avenida Auxiliar I,,Santa Maria,521,25
49044110,Rua Santelmo Duarte Novaes,,Santa Maria,521,25
49044115,Avenida Auxiliar VII,,Santa Maria,521,25
49044120,Rua Pero Vaz de Caminha,,Santa Maria,521,25
49044123,Rua Seis,(Cj Pe Pedro),Santa Maria,521,25
49044124,Travessa Seis,(Cj Pe Pedro),Santa Maria,521,25
49044126,Rua Sete,(Cj Pe Pedro),Santa Maria,521,25
49044127,Travessa Sete,(Cj Pe Pedro),Santa Maria,521,25
49044129,Rua Oito,(Cj Pe Pedro),Santa Maria,521,25
49044130,Rua Pau-Brasil,(Cj Pe Pedro),Santa Maria,521,25
49044132,Travessa Oito,(Cj Pe Pedro),Santa Maria,521,25
49044133,Rua L2,,Santa Maria,521,25
49044136,Rua Maria Francisca Santos,,Santa Maria,521,25
49044138,Travessa Nove,(Cj Pe Pedro),Santa Maria,521,25
49044140,Rua Lei Áurea,,Santa Maria,521,25
49044142,Travessa Trinta e Um,(Cj Pe Pedro),Santa Maria,521,25
49044144,Travessa Trinta e Dois,(Cj Pe Pedro),Santa Maria,521,25
49044146,Rua Trinta e Seis,(Cj Pe Pedro),Santa Maria,521,25
49044148,Rua Contorno I,,Santa Maria,521,25
49044150,Rua Lei do Ventre Livre,,Santa Maria,521,25
49044153,Travessa Trinta e Cinco,(Cj Pe Pedro),Santa Maria,521,25
49044156,Travessa Vinte e Um,(Cj Pe Pedro),Santa Maria,521,25
49044158,Travessa Dez,(Cj Pe Pedro),Santa Maria,521,25
49044160,Rua Tratado de Tordesilhas,,Santa Maria,521,25
49044161,Travessa Quatorze,(Cj Pe Pedro),Santa Maria,521,25
49044163,Rua Treze,(Cj Pe Pedro),Santa Maria,521,25
49044165,Travessa Onze,(Cj Pe Pedro),Santa Maria,521,25
49044166,Rua Doze,(Cj Pe Pedro),Santa Maria,521,25
49044168,Travessa Doze,(Cj Pe Pedro),Santa Maria,521,25
49044169,Rua Dezenove,(Cj Pe Pedro),Santa Maria,521,25
49044170,Rua Pedro Álvares Cabral,,Santa Maria,521,25
49044171,Travessa Quinze,(Cj Pe Pedro),Santa Maria,521,25
49044174,Travessa Treze,(Cj Pe Pedro),Santa Maria,521,25
49044176,Rua Dezessete,(Cj Pe Pedro),Santa Maria,521,25
49044179,Rua Dezoito,(Cj Pe Pedro),Santa Maria,521,25
49044180,Rua Irmã Dulce,,Santa Maria,521,25
49044183,Rua Vinte,(Cj Pe Pedro),Santa Maria,521,25
49044184,Travessa Vinte,(Cj Pe Pedro),Santa Maria,521,25
49044186,Rua Vinte e Um,(Cj Pe Pedro),Santa Maria,521,25
49044189,Rua Vinte e Dois,(Cj Pe Pedro),Santa Maria,521,25
49044190,Rua Madre Tereza de Calcutá,,Santa Maria,521,25
49044193,Rua Vinte e Cinco,(Cj Pe Pedro),Santa Maria,521,25
49044196,Rua Vinte e Seis,(Cj Pe Pedro),Santa Maria,521,25
49044199,Rua Vinte e Sete,(Cj Pe Pedro),Santa Maria,521,25
49044200,Rua Capitanias Hereditárias,,Santa Maria,521,25
49044203,Rua Trinta e Dois,(Cj Pe Pedro),Santa Maria,521,25
49044204,Travessa Trinta e Dois 1,(Cj Pe Pedro),Santa Maria,521,25
49044206,Rua Trinta e Cinco,(Cj Pe Pedro),Santa Maria,521,25
49044209,Rua Trinta e Um,(Cj Pe Pedro),Santa Maria,521,25
49044210,Rua Escola de Sagres,,Santa Maria,521,25
49044212,Travessa Dezoito,(Cj Pe Pedro),Santa Maria,521,25
49044214,Travessa Dezenove,(Cj Pe Pedro),Santa Maria,521,25
49044218,Travessa Vinte e Três,(Cj Pe Pedro),Santa Maria,521,25
49044220,Rua Padre Manoel da Nóbrega,,Santa Maria,521,25
49044222,Travessa Vinte e Quatro,(Cj Pe Pedro),Santa Maria,521,25
49044224,Travessa Vinte e Cinco,(Cj Pe Pedro),Santa Maria,521,25
49044226,Travessa Vinte e Seis,(Cj Pe Pedro),Santa Maria,521,25
49044228,Travessa Vinte e Sete,(Cj Pe Pedro),Santa Maria,521,25
49044230,Praça Dom Helder Câmara,,Santa Maria,521,25
49044231,Travessa Vinte e Oito,(Cj Pe Pedro),Santa Maria,521,25
49044233,Rua Trinta,(Cj Pe Pedro),Santa Maria,521,25
49044234,Travessa Trinta,(Cj Pe Pedro),Santa Maria,521,25
49044236,Rua Vinte e Nove,(Cj Pe Pedro),Santa Maria,521,25
49044237,Travessa Vinte e Nove,(Cj Pe Pedro),Santa Maria,521,25
49044239,Rua Vinte e Oito,(Cj Pe Pedro),Santa Maria,521,25
49044240,Avenida Vasco da Gama,,Santa Maria,521,25
49044250,Rua Quatro,(Cj Mª do Carmo),Santa Maria,521,25
49044251,Travessa Quatro,(Cj Mª do Carmo),Santa Maria,521,25
49044253,Rua Manuel Caetano de Oliveira,,Santa Maria,521,25
49044254,Travessa Três,(Cj Mª do Carmo),Santa Maria,521,25
49044256,Rua Dois,(Cj Mª do Carmo),Santa Maria,521,25
49044257,Travessa Dois,(Cj Mª do Carmo),Santa Maria,521,25
49044259,Rua Um,(Cj Mª do Carmo),Santa Maria,521,25
49044260,Travessa Um,(Cj Mª do Carmo),Santa Maria,521,25
49044262,Rua B1,(Cj A C Valadares),Santa Maria,521,25
49044263,Rua B2,(Cj A C Valadares),Santa Maria,521,25
49044266,Rua Contorno,(Cj A C Valadares),Santa Maria,521,25
49044271,Rua B4,(Cj A C Valadares),Santa Maria,521,25
49044274,Rua Leyse Regina Alves,,Santa Maria,521,25
49044277,Rua B6,(Cj A C Valadares),Santa Maria,521,25
49044278,Travessa B6,(Cj A C Valadares),Santa Maria,521,25
49044280,Rua B7,(Cj A C Valadares),Santa Maria,521,25
49044283,Rua B8,(Cj A C Valadares),Santa Maria,521,25
49044284,Travessa B8,(Cj A C Valadares),Santa Maria,521,25
49044286,Rua B9,(Cj A C Valadares),Santa Maria,521,25
49044289,Rua Laércio Morais de Miranda,,Santa Maria,521,25
49044291,Travessa B10,(Cj A C Valadares),Santa Maria,521,25
49044293,Rua Contorno 2,(Cj A C Valadares),Santa Maria,521,25
49044295,Rua Fernando José Guedes Fontes,,Santa Maria,521,25
49044298,Rua B13,(Cj A C Valadares),Santa Maria,521,25
49044301,Rua B14,(Cj A C Valadares),Santa Maria,521,25
49044302,Travessa B14,(Cj A C Valadares),Santa Maria,521,25
49044304,Rua B15,(Cj A C Valadares),Santa Maria,521,25
49044305,Travessa B15,(Cj A C Valadares),Santa Maria,521,25
49044307,Rua B16,(Cj A C Valadares),Santa Maria,521,25
49044308,Travessa B16,(Cj A C Valadares),Santa Maria,521,25
49044310,Rua B17,(Cj A C Valadares),Santa Maria,521,25
49044311,Travessa B17,(Cj A C Valadares),Santa Maria,521,25
49044313,Rua João Jones Sevidanes,,Santa Maria,521,25
49044316,Rua B19,(Cj A C Valadares),Santa Maria,521,25
49044319,Rua B20,(Cj A C Valadares),Santa Maria,521,25
49044322,Rua Eurico Luiz dos Santos,,Santa Maria,521,25
49044325,Rua Edth Gomes de Oliveira,,Santa Maria,521,25
49044328,Rua Luiz Nunes Góis,,Santa Maria,521,25
49044331,Rua B24,(Cj A C Valadares),Santa Maria,521,25
49044334,Rua B25,(Cj A C Valadares),Santa Maria,521,25
49044337,Rua B26,(Cj A C Valadares),Santa Maria,521,25
49044340,Rua Auxiliar II,(Cj A C Valadares),Santa Maria,521,25
49044343,Rua B 27,(Cj A C Valadares),Santa Maria,521,25
49044346,Rua Trinta e Sete,(Lot P do Sul),Santa Maria,521,25
49044348,Rua Novo Horizonte,(Lot P do Sul),Santa Maria,521,25
49044353,Rua Colômbia,(Lot P do Sul),Santa Maria,521,25
49044356,Rua A1,(Lot P do Sul),Santa Maria,521,25
49044359,Travessa A1,(Lot P do Sul),Santa Maria,521,25
49044362,Rua Cinquenta e Sete,(Lot P do Sul),Santa Maria,521,25
49044365,Rua Cinquenta e Oito,(Lot P do Sul),Santa Maria,521,25
49044368,Rua Cinquenta e Nove,(Lot P do Sul),Santa Maria,521,25
49044412,Rua A,(Lot P do Sul),Santa Maria,521,25
49044415,Rua B,(Lot P do Sul),Santa Maria,521,25
49044418,Rua C,(Lot P do Sul),Santa Maria,521,25
49044421,Rua D,(Lot P do Sul),Santa Maria,521,25
49044424,Rua E,(Lot P do Sul),Santa Maria,521,25
49044427,Rua F,(Lot P do Sul),Santa Maria,521,25
49044430,Rua Padre Marcelo Rossi,(Lot P do Sul),Santa Maria,521,25
49044433,Rua Quarenta e Oito,(Lot P do Sul),Santa Maria,521,25
49044436,Rua Trinta e Nove,(Lot P do Sul),Santa Maria,521,25
49044439,Rua Quarenta e Sete,(Lot P do sul),Santa Maria,521,25
49044442,Rua Quarenta e Três,(Lot P do Sul),Santa Maria,521,25
49044443,Travessa Quarenta e Três,(Lot P do Sul),Santa Maria,521,25
49044445,Rua Quarenta e Dois,(Lot P do Sul),Santa Maria,521,25
49044448,Rua Quarenta e Cinco,(Lot P do Sul),Santa Maria,521,25
49044451,Rua Trinta e Oito,(Lot P do Sul),Santa Maria,521,25
49044454,Rua Trinta e Um,(Lot P do sul),Santa Maria,521,25
49044456,Travessa Santo Antônio,(Lot P do Sul),Santa Maria,521,25
49044457,Rua Quarenta,(Lot P do Sul),Santa Maria,521,25
49044460,Rua Quarenta e Um,(Lot P do sul),Santa Maria,521,25
49044463,Rua Quarenta e Quatro-0,(Lot P do Sul),Santa Maria,521,25
49044465,Rua Quarenta e Quatro - 5,(Lot P do Sul),Santa Maria,521,25
49044467,Rua Quarenta e Quatro - 6,(Lot P do Sul),Santa Maria,521,25
49044469,Rua Quarenta e Quatro-1,(Lot P do Sul),Santa Maria,521,25
49044470,Rua Quarenta e Quatro -7,(Lot P do Sul),Santa Maria,521,25
49044472,Rua Quarenta e Quatro-2,(Lot P do Sul),Santa Maria,521,25
49044474,Rua Quarenta e Quatro - 4,(Lot P do Sul),Santa Maria,521,25
49044475,Rua Quarenta e Quatro-3,(Lot P do Sul),Santa Maria,521,25
49044478,Rua A2,(Lot P do Sul),Santa Maria,521,25
49044482,Rua Cinquenta e Cinco,(Lot P do Sul),Santa Maria,521,25
49044484,Rua Cinqüenta,(Lot P do Sul),Santa Maria,521,25
49044486,Rua Cinquenta e Seis,(Lot P do Sul),Santa Maria,521,25
49044487,Rua Cinqüenta e Um,(Lot P do Sul),Santa Maria,521,25
49044490,Rua Cinqüenta e Dois,(Lot P do Sul),Santa Maria,521,25
49044491,Rua Cinquenta e Três,(Lot P do Sul),Santa Maria,521,25
49044493,Rua Manoel Francisco Santos,,Santa Maria,521,25
49044495,Rua Cinquenta e Quatro,(Lot P do Sul),Santa Maria,521,25
49044496,Rua A6,(Lot P do Sul),Santa Maria,521,25
49044499,Rua A7,(Lot P do Sul),Santa Maria,521,25
49044502,Rua A8,(Lot P do Sul),Santa Maria,521,25
49044505,Rua A9,(Lot P do Sul),Santa Maria,521,25
49044508,Rua A10,(Lot P do Sul),Santa Maria,521,25
49044511,Rua A11,(Lot P do Sul),Santa Maria,521,25
49044514,Rua A12,(Lot P do Sul),Santa Maria,521,25
49044517,Rua A13,(Lot P do Sul),Santa Maria,521,25
49044520,Rua A14,(Lot P do Sul),Santa Maria,521,25
49044523,Avenida Arrozal,,Santa Maria,521,25
49044526,Rua Arrozal,,Santa Maria,521,25
49044529,Travessa Arrozal,,Santa Maria,521,25
49044535,Rua B,(Rec Cajueiros),Santa Maria,521,25
49044538,Rua C,(Rec Cajueiros),Santa Maria,521,25
49044541,Rua E,(Rec Cajueiros),Santa Maria,521,25
49044543,Rua F,(Rec Cajueiros),Santa Maria,521,25
49044544,Rua G,(Rec Cajueiros),Santa Maria,521,25
49044547,Rua M,(Rec Cajueiros),Santa Maria,521,25
49045000,Rua Padre Nestor Sampaio,- de 1/2 ao fim,Ponto Novo,521,25
49045010,Avenida Adelbrando Franco Menezes,- lado par,Luzia,521,25
49045015,Rua Padre Nestor Sampaio,- até 99997/99998,Luzia,521,25
49045020,Rua Adelermo Brito Bomfim,,Luzia,521,25
49045030,Rua Maye Bell Taylor,,Luzia,521,25
49045033,Rua X,(Res Rec dos Bosques),Luzia,521,25
49045070,Rua Antônio Teles da Costa,,Luzia,521,25
49045080,Rua Armando Barros,,Luzia,521,25
49045083,Rua Matilde Silva Lima,,Luzia,521,25
49045090,Rua Trabalhador Ailton Marques dos Santos,,Luzia,521,25
49045100,Rua Aldjebran Garcia Moreno,,Luzia,521,25
49045110,Rua Benjamin Fontes,,Luzia,521,25
49045120,Rua Cândido Portinari,,Luzia,521,25
49045130,Praça Carlos Hardman,,Luzia,521,25
49045133,Rua Terezinha da Costa Santos,,Luzia,521,25
49045136,Rua Maria Gonçalves Lima de Azevêdo,,Luzia,521,25
49045139,Rua Edivaldo Simões Cruz,,Luzia,521,25
49045190,Rua Doutor Márcio Rollemberg Leite,,Luzia,521,25
49045200,Rua Heráclito Muniz Barreto,,Luzia,521,25
49045210,Rua Treze de Maio,,Luzia,521,25
49045230,Rua Doutor Thieres Gonçalves Santana,,Luzia,521,25
49045240,Rua Edgar Leite,,Luzia,521,25
49045250,Rua Engenheiro Antônio Gonçalves Soares,,Luzia,521,25
49045253,Rua Jornalista João de Menezes Barros Filho,,Luzia,521,25
49045260,Rua Erundina Nobre Santos,,Luzia,521,25
49045270,Rua Frederico Ozanam,,Luzia,521,25
49045280,Avenida Gonçalo Rolemberg Leite,- até 2063 - lado ímpar,Luzia,521,25
49045285,Avenida Doutor Francisco Moreira,- lado ímpar,Luzia,521,25
49045290,Rua Hélio Maranhão,,Luzia,521,25
49045300,Rua da Integração,,Luzia,521,25
49045310,Rua Moisés Costa,,Luzia,521,25
49045330,Rua João do Sacramento,,Luzia,521,25
49045360,Rua Jornalista Deolindo Nascimento,,Luzia,521,25
49045370,Rua Jornalista Evandro Barros,,Luzia,521,25
49045373,Rua Gilson Pereira de Almeida,,Luzia,521,25
49045376,Rua Ananias Ferreira,,Luzia,521,25
49045380,Rua José Alves das Neves,,Luzia,521,25
49045390,Rua Humberto Peixoto,,Luzia,521,25
49045400,Rua José Elson Fontes,,Luzia,521,25
49045410,Rua Jovino Silva,,Luzia,521,25
49045420,Rua Luiz Cordeiro Morais,,Luzia,521,25
49045423,Avenida General Djenal Tavares de Queroz,,Luzia,521,25
49045430,Rua Luiz Dias Mota,,Luzia,521,25
49045440,Rua Antônio José de Souza,,Luzia,521,25
49045460,Rua Manoel Donizetti Vieira,,Luzia,521,25
49045480,Rua Manoel Gomes da Rocha,,Luzia,521,25
49045490,Rua Marina Maciel,,Luzia,521,25
49045500,Rua Marize Almeida Santos,,Luzia,521,25
49045510,Rua Ministro Nelson Hungria,,Luzia,521,25
49045520,Rua Moacyr Lopes Poconé,,Luzia,521,25
49045540,Rua Osvaldina Rocha Rosa,,Luzia,521,25
49045550,Rua Padre Caldas,,Luzia,521,25
49045580,Rua Perolina Silva Lima,,Luzia,521,25
49045620,Praça Professor Genaro Plech,,Luzia,521,25
49045630,Praça Raul Batista,,Luzia,521,25
49045650,Rua Tenente Eduardo Dantas,,Luzia,521,25
49045670,Rua João Melo,,Luzia,521,25
49045680,Praça Vereador Nivaldo Teles de Menezes,,Luzia,521,25
49045690,Rua Wilson Almeida Santana,,Luzia,521,25
49045700,Estrada da Luzia,,Luzia,521,25
49045710,Rua Doutor Manoel Cândido Pereira,,Luzia,521,25
49045730,Rua Renato Santos Teixeira,,Luzia,521,25
49045733,Rua B,(Conol II),Luzia,521,25
49045736,Rua Missionária Mundica Gomes Santana,,Luzia,521,25
49045740,Rua Manoel Dias da Costa,,Luzia,521,25
49045750,Rua Alessandro Oliveira Porto,,Luzia,521,25
49045760,Avenida Hermes Fontes,- de 1384 ao fim - lado par,Luzia,521,25
49045763,Rua F,(Lot Júlio P Vasconcelos),Luzia,521,25
49045770,Rua Anália Pinha de Assis,,Luzia,521,25
49045773,Rua José Pereira da Silva,,Luzia,521,25
49045780,Rua Diácono Atanázio Alves dos Reis,,Luzia,521,25
49045790,Rua Josafá Simões Mariu,,Luzia,521,25
49045800,Rua Alcino Oliveira Neto,,Luzia,521,25
49045810,Rua Artur Porfírio de Farias,,Luzia,521,25
49045830,Rua Manoel Avelar Correia,,Luzia,521,25
49045840,Rua Soldado Petronilo José dos Santos,,Luzia,521,25
49045843,Rua Hamilton Monteiro Freire,,Luzia,521,25
49045970,Rua Padre Nestor Sampaio 598,,Ponto Novo,521,25
49046000,Rua João Bispo Menezes,,Luzia,521,25
49046010,Rua José Ferreira Silva,,Ponto Novo,521,25
49046020,Rua José David Menezes,,Luzia,521,25
49046030,Rua Francisco Ferreira de Oliveira,,Luzia,521,25
49046050,Rua Abdias Nascimento,,Luzia,521,25
49046070,Rua Juarez Gomes da Rocha,,Luzia,521,25
49046080,Rua Pedro José do Nascimento,,Luzia,521,25
49046090,Rua Pastor Jason Oliveira dos Anjos,,Ponto Novo,521,25
49046100,Rua Iolanda Leite Moura,,Luzia,521,25
49046970,Avenida Adélia Franco 3138,,Luzia,521,25
49047003,Rua José Vicente dos Santos Filho,,Ponto Novo,521,25
49047006,Rua Arnaldo Pereira de Souza,,Ponto Novo,521,25
49047009,Rua Cícero Monteiro Filho,,Ponto Novo,521,25
49047010,Rua Alda Aguiar Lima,,Ponto Novo,521,25
49047023,Rua AD,,Ponto Novo,521,25
49047026,Rua A,(Prq Diamante),Ponto Novo,521,25
49047029,Rua B,(Prq Diamante),Ponto Novo,521,25
49047033,Rua Laerte da Fonseca Hora,,Ponto Novo,521,25
49047036,Rua Maria Natalia da Silva,,Ponto Novo,521,25
49047040,Avenida Augusto Franco,- de 2685 ao fim - lado ímpar,Ponto Novo,521,25
49047060,Rua Bom Jesus dos Navegantes,,Ponto Novo,521,25
49047063,Rua Capitão Antônio de Aquino,,Ponto Novo,521,25
49047070,Rua Carlos Gomes,,Ponto Novo,521,25
49047080,Rua Carlos Marques,,Ponto Novo,521,25
49047090,Rua Castro Alves,,Ponto Novo,521,25
49047100,Rua Diamante Negro,,Ponto Novo,521,25
49047130,Rua Doutor Manoel Barbosa,,Ponto Novo,521,25
49047140,Rua H,(Lot Cabeludas),Ponto Novo,521,25
49047150,Rua Doutor Toledo de Moraes,,Ponto Novo,521,25
49047180,Rua Filemon Franco Freire,,Ponto Novo,521,25
49047190,Rua Francisco Ferreira de Andrade,,Ponto Novo,521,25
49047210,Rua Josino Menezes,,Ponto Novo,521,25
49047220,Rua Juscelino Kubitschek,,Ponto Novo,521,25
49047230,Rua Santa Bernadete,,Ponto Novo,521,25
49047250,Rua E,(Lion Rodrigues Schuster),Ponto Novo,521,25
49047260,Rua Nossa Senhora de Fátima,,Ponto Novo,521,25
49047280,Travessa Claudionor Almeida de Santana,,Ponto Novo,521,25
49047290,Rua Oliveira Barros,,Ponto Novo,521,25
49047320,Rua Rafael de Aguiar,- de 1501/1502 ao fim,Ponto Novo,521,25
49047325,Avenida Gonçalo Rolemberg Leite,- de 2365 ao fim - lado ímpar,Ponto Novo,521,25
49047335,Avenida Doutor Francisco Moreira,- lado par,Ponto Novo,521,25
49047340,Rua Rodrigues Dórea,,Ponto Novo,521,25
49047343,Travessa Rodrigues Dórea,,Ponto Novo,521,25
49047350,Praça Aída Bispo Sucupira,,Ponto Novo,521,25
49047360,Travessa São Benedito,,Ponto Novo,521,25
49047370,Praça Senador Teotônio Vilela,,Ponto Novo,521,25
49047380,Rua Senhor dos Passos,,Ponto Novo,521,25
49047410,Rua Inês Etienne Romeu,,Ponto Novo,521,25
49047430,Travessa Parapitinga,,Ponto Novo,521,25
49047433,Rua I,(Lot Cabeludas),Ponto Novo,521,25
49047453,Rua E,,Ponto Novo,521,25
49047456,Rua Lindalva Silva Dantas,,Ponto Novo,521,25
49047460,Rua Santa Terezinha,,Ponto Novo,521,25
49048000,Avenida Luciano Monteiro Sobral,,Luzia,521,25
49048010,Avenida Adélia Franco,- até 9998 - lado par,Luzia,521,25
49048020,Rua Antônio Alexandre Menezes,,Luzia,521,25
49048040,Rua Cesário de Gois Pessoa,,Luzia,521,25
49048050,Rua Cônego José Ferreira Machado,,Luzia,521,25
49048060,Rua Coronel Armando Mendes,,Luzia,521,25
49048070,Rua Deputado Matos Teles,,Luzia,521,25
49048080,Rua José Ramos Figueiredo,,Luzia,521,25
49048090,Rua Doutor Álvaro da Silva Brito,,Luzia,521,25
49048100,Rua Doutor Canuto Garcia Moreno,,Luzia,521,25
49048110,Rua Doutor Carlos Alberto Rolla,,Luzia,521,25
49048120,Rua Doutor Carlos Henrique de Carvalho,,Luzia,521,25
49048130,Rua Doutor Luiz Antônio de Farias,,Luzia,521,25
49048140,Rua Durval Madureira Freire,,Luzia,521,25
49048150,Rua Estêvão Pereira Coelho,,Luzia,521,25
49048160,Rua Guilherme José Vieira,,Luzia,521,25
49048170,Rua Humberto Porto Dória,,Luzia,521,25
49048173,Rua Manoel Nunes,,Luzia,521,25
49048176,Rua Desembargador José Rodrigues Nou,,Luzia,521,25
49048180,Rua Doutor João Santana,,Luzia,521,25
49048190,Rua João Mascarenhas,,Luzia,521,25
49048200,Rua João Gomes,,Luzia,521,25
49048220,Rua Laurindo Cerqueira,,Luzia,521,25
49048240,Rua Manoel Pereira Guimarães,,Luzia,521,25
49048250,Rua Martinho de Melo Cardoso,,Luzia,521,25
49048260,Rua Antônio Vieira de Menezes,,Luzia,521,25
49048263,Travessa Robson Pereira Santos,,Luzia,521,25
49048270,Rua Paulino Fernandes de Barros,,Luzia,521,25
49048280,Rua Pedro Diniz Leite de Oliveira,,Luzia,521,25
49048290,Rua Pedro Teixeira Guimarães,,Luzia,521,25
49048300,Rua Policarpo Diniz Rezende,,Luzia,521,25
49048303,Rua Pedro Ferreira da Silva,,Luzia,521,25
49048306,Rua H1,(Cj Médice II),Luzia,521,25
49048309,Rua Napoleão Teles de Oliveira,,Luzia,521,25
49048310,Rua Professor Humberto da Silva Moura,,Luzia,521,25
49048320,Rua Radialista Wolney Silva,,Luzia,521,25
49048330,Rua Rodolfo Ramos Fontes,,Luzia,521,25
49048340,Rua São Pedro,,Luzia,521,25
49048350,Rua Sílvio Fontes,,Luzia,521,25
49048360,Rua Theodomiro de Mello Barreto,,Luzia,521,25
49048370,Rua Vereador Etelvino Barreto,,Luzia,521,25
49048380,Rua Lourival do Prado Barreto,,Luzia,521,25
49048383,Rua Luciano Monteiro Sobral,,Luzia,521,25
49048390,Rua José Deodoro Santos,,Luzia,521,25
49048400,Rua Jessé Pereira Nunes,,Luzia,521,25
49048406,Rua Pina Ramos,,Luzia,521,25
49048410,Rua João Rodrigues de Miranda,,Luzia,521,25
49048420,Praça Anival Dantas,,Luzia,521,25
49048430,Avenida Dulce Diniz,,Luzia,521,25
49048440,Rua Ascendino Ângelo dos Reis,,Luzia,521,25
49048450,Rua Radialista Cadmo Nascimento,,Luzia,521,25
49048500,Rua Doutor Sancho de Barros Pimentel,,Luzia,521,25
49048510,Rua Maria Dantas de Mendonça,,Luzia,521,25
49048520,Rua João Carlos de Oliveira,,Luzia,521,25
49048523,Rua B,(Jd Gravatá),Luzia,521,25
49048526,Rua Trinta e Dois,(Jd Gravatá),Luzia,521,25
49048530,Avenida Presidente Tancredo Neves,- de 2202 a 3270 - lado par,Luzia,521,25
49050000,Avenida Hermes Fontes,- de 0472 a 1382 - lado par,Suíssa,521,25
49050010,Travessa Alberto Azevedo,,Pereira Lobo,521,25
49050020,Avenida Doutor José Calumby,,Suíssa,521,25
49050030,Rua José de Faro Rolemberg,- de 792/793 ao fim,Suíssa,521,25
49050040,Travessa Antônio José Silveira Costa,,Suíssa,521,25
49050050,Rua Aloísio Braga,,Suíssa,521,25
49050070,Rua Aquidabã,- de 34/35 ao fim,Suíssa,521,25
49050080,Rua Doutor Lauro Dantas Hora,,Suíssa,521,25
49050100,Rua Augusto Luz,,Suíssa,521,25
49050140,Rua Cândido Almeida,,Pereira Lobo,521,25
49050170,Rua Clara Almeida,,Suíssa,521,25
49050173,Vila Esperança,,Suíssa,521,25
49050290,Rua Elísio Azevedo,,Suíssa,521,25
49050300,Avenida Enos Sadock de Sá,,Suíssa,521,25
49050320,Rua Francisco Félix Silva,,Suíssa,521,25
49050350,Travessa Genésia Fontes,,Suíssa,521,25
49050360,Rua Geraldo Menezes Carvalho,,Suíssa,521,25
49050370,Avenida Gonçalo Rolemberg Leite,- até 1960 - lado par,Suíssa,521,25
49050380,Travessa Império,,Suíssa,521,25
49050390,Rua Japoatã,,Suíssa,521,25
49050420,Rua João Rocha Sobrinho,,Pereira Lobo,521,25
49050430,Avenida Jorge Campos Maynard,,Suíssa,521,25
49050440,Rua Jornalista Raimundo Almeida,,Pereira Lobo,521,25
49050443,Rua Sebastião Eustáquio Filho,,Pereira Lobo,521,25
49050446,Rua Tenente Wendel Quaranta dos Santos,,Pereira Lobo,521,25
49050449,Rua Clara Almeida,,Pereira Lobo,521,25
49050470,Rua José Vernior,,Pereira Lobo,521,25
49050485,Rua Leonel Curvelo,,Suíssa,521,25
49050500,Vila Militar,,Suíssa,521,25
49050510,Rua Nossa Senhora das Dores,- de 952/953 ao fim,Suíssa,521,25
49050525,Rua Ribeirópolis,- de 926/927 ao fim,Pereira Lobo,521,25
49050550,Rua Osvanda Oliveira Vieira,,Pereira Lobo,521,25
49050563,Travessa Doutor José Luciano Siqueira,,Suíssa,521,25
49050566,Rua Doutor José Luciano Siqueira,,Suíssa,521,25
49050600,Rua Poço Verde,- lado ímpar,Suíssa,521,25
49050610,Rua Porto da Folha,- de 1695/1696 ao fim,Suíssa,521,25
49050650,Rua Promotor Arquibaldo Mendonça,,Suíssa,521,25
49050660,Rua Rafael de Aguiar,- de 1000/1001 a 1499/1500,Pereira Lobo,521,25
49050665,Avenida Doutor Edelzio Vieira de Melo,- de 1358 ao fim - lado par,Pereira Lobo,521,25
49050670,Rua de Riachão,- de 1835/1836 ao fim,Suíssa,521,25
49050673,Travessa Didi Costa,,Suíssa,521,25
49050700,Travessa Sálvio Oliveira,,Suíssa,521,25
49050710,Rua São Judas Tadeu,,Pereira Lobo,521,25
49050720,Rua Teodomiro Andrade,,Suíssa,521,25
49050730,Rua Ulisses Maynard,,Suíssa,521,25
49050740,Praça Valdemar Fontes Cardoso,,Suíssa,521,25
49050750,Rua Vereador Deocleciano Ramos,,Suíssa,521,25
49050760,Rua Vereador Oscar Leal,,Pereira Lobo,521,25
49050790,Rua Wilton Melo,,Suíssa,521,25
49050820,Travessa Aquidabã,,Suíssa,521,25
49050840,Travessa São Francisco,,Pereira Lobo,521,25
49051010,Travessa Ione de Souza Melo,,Suíssa,521,25
49051020,Praça Horácio Martins dos Santos,,Pereira Lobo,521,25
49051030,Rua Sargento Zacarias,,Suíssa,521,25
49051040,Rua Pedro Paes Mendonça,,Suíssa,521,25
49051050,Rua Professora Maria do Carmo Dias,,Pereira Lobo,521,25
49051060,Rua Manoel Inácio Teixeira,,Suíssa,521,25
49051240,Rua Maria Alice Batista Conceição,,Suíssa,521,25
49052000,Avenida Hermes Fontes,- até 470 - lado par,Suíssa,521,25
49052010,Avenida Alan Kardec,- de 574/575 ao fim,Pereira Lobo,521,25
49052020,Rua José Apóstolo de Oliveira Neto,,Pereira Lobo,521,25
49052040,Rua Aldon Figueiredo,,Pereira Lobo,521,25
49052050,Rua Deputado Antônio Torres,- de 541/542 ao fim ,Pereira Lobo,521,25
49052060,Rua Alberto Azevedo,,Pereira Lobo,521,25
49052070,Rua Doutor Bráulio Cabral Vieira,,Pereira Lobo,521,25
49052080,Rua Armando Prado Smith,,Pereira Lobo,521,25
49052090,Rua Doutor Silvério Fontes,- de 521/522 ao fim,Pereira Lobo,521,25
49052110,Rua Eládio Modesto,,Pereira Lobo,521,25
49052120,Rua Bittencourt Sampaio,- de 159/160 ao fim,Pereira Lobo,521,25
49052125,Rua Leonel Curvelo,- de 1/2 ao fim,Pereira Lobo,521,25
49052130,Travessa Canaã,,Pereira Lobo,521,25
49052140,Rua Dom Bosco,- de 441/442 a 930/931,Suíssa,521,25
49052150,Rua Carlos Cabral Duarte,,Pereira Lobo,521,25
49052160,Rua Cícero Bezerra Lemos,,Pereira Lobo,521,25
49052170,Rua Nossa Senhora das Dores,- de 437/438 a 950/951,Suíssa,521,25
49052180,Rua de Riachão,- de 1311/1312 a 1832/1833,Suíssa,521,25
49052190,Rua Porto da Folha,- de 1186/1187 a 1693/1694,Suíssa,521,25
49052200,Rua Aquidabã,- até 32/33,Suíssa,521,25
49052210,Avenida Desembargador Maynard,- até 739 - lado ímpar,Suíssa,521,25
49052220,Rua Rafael de Aguiar,- de 320 a 998 - lado par,Pereira Lobo,521,25
49052225,Avenida Gonçalo Rolemberg Leite,- de 1962 ao fim - lado par,Pereira Lobo,521,25
49052230,Avenida Augusto Franco,- de 1321 a 1947 - lado ímpar,Pereira Lobo,521,25
49052240,Avenida Doutor Edelzio Vieira de Melo,- de 237 a 1357 - lado ímpar,Suíssa,521,25
49052260,Rua Tenente Wendel Quaranta dos Santos,,Suíssa,521,25
49052263,Travessa Eulina,,Suíssa,521,25
49052270,Rua Frei Paulo,- de 265/266 ao fim,Suíssa,521,25
49052290,Rua José Pires Winne,,Suíssa,521,25
49052300,Rua José Ribeiro Bonfim,,Pereira Lobo,521,25
49052310,Rua Orlando Bezerra Lemos,,Pereira Lobo,521,25
49052320,Rua Osvaldo Torres,,Pereira Lobo,521,25
49052330,Rua Pastor Euclides Arlindo,- de 516/517 ao fim,Pereira Lobo,521,25
49052335,Avenida Desembargador Maynard,- de 741 ao fim - lado ímpar,Pereira Lobo,521,25
49052340,Rua Péricles Hora,,Pereira Lobo,521,25
49052360,Rua Ribeirópolis,- de 229/230 a 924/925,Suíssa,521,25
49052370,Rua Vicente Celestino,,Pereira Lobo,521,25
49052375,Avenida Doutor Edelzio Vieira de Melo,- de 1359 ao fim - lado ímpar,Pereira Lobo,521,25
49052380,Rua Zózimo Lima,,Suíssa,521,25
49052390,Travessa Nossa Senhora da Conceição,,Suíssa,521,25
49052400,Travessa José Vieira de Andrade,,Suíssa,521,25
49052410,Rua Sílvio Teófilo Guimarães,,Pereira Lobo,521,25
49052420,Travessa Jadiel Benevides,,Suíssa,521,25
49052430,Rua Gararu,- de 767/768 ao fim,Suíssa,521,25
49055000,Rua Estância,- de 1055/1056 ao fim,Cirurgia,521,25
49055010,Praça Accioly Porto,,Getúlio Vargas,521,25
