77066004,Rua Sucupira,,Setor Morada do Sol (Taquaralto),6502,27
77066006,Avenida dos Navegantes,,Setor Morada do Sol (Taquaralto),6502,27
77066008,Rua Copaíba,,Setor Morada do Sol (Taquaralto),6502,27
77066010,Rua Goyases,,Setor Morada do Sol (Taquaralto),6502,27
77066012,Avenida Copacabana,,Setor Morada do Sol (Taquaralto),6502,27
77066014,Rua Itauba,,Setor Morada do Sol (Taquaralto),6502,27
77066016,Rua Ametista,,Setor Morada do Sol (Taquaralto),6502,27
77066018,Rua Topazio,,Setor Morada do Sol (Taquaralto),6502,27
77066020,Avenida Ponta Negra,,Setor Morada do Sol (Taquaralto),6502,27
77066022,Rua Cristal,,Setor Morada do Sol (Taquaralto),6502,27
77066026,Avenida Pajussara,,Setor Morada do Sol (Taquaralto),6502,27
77066030,Rua Imburanas,,Setor Morada do Sol (Taquaralto),6502,27
77066032,Rua Imbaúba,,Setor Morada do Sol (Taquaralto),6502,27
77066035,Rua Mangabeiras,,Setor Morada do Sol (Taquaralto),6502,27
77066038,Avenida Farol da Barra,,Setor Morada do Sol (Taquaralto),6502,27
77066039,Rua das Acácias,,Setor Morada do Sol (Taquaralto),6502,27
77066040,Rua das Gameleiras,,Setor Morada do Sol (Taquaralto),6502,27
77066041,Rua Guarantã,,Setor Morada do Sol (Taquaralto),6502,27
77066042,Rua Jatobá,,Setor Morada do Sol (Taquaralto),6502,27
77066044,Avenida Tocantins,,Setor Morada do Sol (Taquaralto),6502,27
77066045,Rua das Rosas,,Setor Morada do Sol (Taquaralto),6502,27
77066046,Avenida Taquarussu,,Setor Morada do Sol (Taquaralto),6502,27
77066048,Rua Cibipiruna,,Setor Morada do Sol (Taquaralto),6502,27
77066049,Rua das Orquídeas,,Setor Morada do Sol (Taquaralto),6502,27
77066050,Rua das Camélias,,Setor Morada do Sol (Taquaralto),6502,27
77066052,Rua Turmalina,,Setor Morada do Sol (Taquaralto),6502,27
77066054,Rua Rubí,,Setor Morada do Sol (Taquaralto),6502,27
77066056,Rua Esmeralda,,Setor Morada do Sol (Taquaralto),6502,27
77066058,Rua Diamantes,,Setor Morada do Sol (Taquaralto),6502,27
77066060,Avenida Amaralina,,Setor Morada do Sol (Taquaralto),6502,27
77066062,Rua Tupinambás,,Setor Morada do Sol (Taquaralto),6502,27
77066064,Rua Carajás,,Setor Morada do Sol (Taquaralto),6502,27
77066066,Rua Caiapós,,Setor Morada do Sol (Taquaralto),6502,27
77066068,Rua Mangubas,,Setor Morada do Sol (Taquaralto),6502,27
77066070,Rua Vertentes,,Setor Morada do Sol (Taquaralto),6502,27
77066072,Avenida Canoa Quebrada,,Setor Morada do Sol (Taquaralto),6502,27
77066074,Avenida Guarujá,,Setor Morada do Sol (Taquaralto),6502,27
77066076,Rua Ipê,,Setor Morada do Sol (Taquaralto),6502,27
77066078,Rua Aroeira,,Setor Morada do Sol (Taquaralto),6502,27
77066080,Rua Cerejeiras,,Setor Morada do Sol (Taquaralto),6502,27
77066082,Avenida Morro Branco,,Setor Morada do Sol (Taquaralto),6502,27
77066084,Rua Jequitibá,,Setor Morada do Sol (Taquaralto),6502,27
77066102,Avenida Taquarussú,,Setor Morada do Sol 2 (Taquaralto),6502,27
77066104,Avenida dos Navegantes,,Setor Morada do Sol 2 (Taquaralto),6502,27
77066106,Rua MS 8,,Setor Morada do Sol 2 (Taquaralto),6502,27
77066108,Rua MS 9,,Setor Morada do Sol 2 (Taquaralto),6502,27
77066110,Rua Guarantã,,Setor Morada do Sol 2 (Taquaralto),6502,27
77066112,Avenida Guarujá,,Setor Morada do Sol 2 (Taquaralto),6502,27
77066114,Rua MS 10,,Setor Morada do Sol 2 (Taquaralto),6502,27
77066116,Rua MS 7,,Setor Morada do Sol 2 (Taquaralto),6502,27
77066118,Avenida Amaralina,,Setor Morada do Sol 2 (Taquaralto),6502,27
77066120,Rua MS 6,,Setor Morada do Sol 2 (Taquaralto),6502,27
77066122,Rua MS 5,,Setor Morada do Sol 2 (Taquaralto),6502,27
77066124,Rua MS 4,,Setor Morada do Sol 2 (Taquaralto),6502,27
77066126,Rua MS 3,,Setor Morada do Sol 2 (Taquaralto),6502,27
77066128,Rua MS 2,,Setor Morada do Sol 2 (Taquaralto),6502,27
77066130,Rua MS 1,,Setor Morada do Sol 2 (Taquaralto),6502,27
77066132,Avenida Ponta Negra,,Setor Morada do Sol 2 (Taquaralto),6502,27
77066150,Rua MS 10,,Setor Morada do Sol 3 (Taquaralto),6502,27
77066152,Rua MS 11,,Setor Morada do Sol 3 (Taquaralto),6502,27
77066156,Rua MS 14,,Setor Morada do Sol 3 (Taquaralto),6502,27
77066158,Rua MS 15,,Setor Morada do Sol 3 (Taquaralto),6502,27
77066160,Rua MS 16,,Setor Morada do Sol 3 (Taquaralto),6502,27
77066162,Rua MS 17,,Setor Morada do Sol 3 (Taquaralto),6502,27
77066164,Avenida Taquarussú,,Setor Morada do Sol 3 (Taquaralto),6502,27
77066166,Avenida dos Navegantes,,Setor Morada do Sol 3 (Taquaralto),6502,27
77066168,Rua MS 18,,Setor Morada do Sol 3 (Taquaralto),6502,27
77066170,Rua MS 19,,Setor Morada do Sol 3 (Taquaralto),6502,27
77066172,Rua Guarantã,,Setor Morada do Sol 3 (Taquaralto),6502,27
77066174,Avenida Guarujá,,Setor Morada do Sol 3 (Taquaralto),6502,27
77080004,Rua 16 A,,Taquarussu,6502,27
77080006,Avenida 5ª Avenida,,Taquarussu,6502,27
77080008,Avenida Sumidouro,,Taquarussu,6502,27
77080010,Rua 4,,Taquarussu,6502,27
77080012,Rua 21,,Taquarussu,6502,27
77080013,Rua 24,,Taquarussu,6502,27
77080014,Rua 20,,Taquarussu,6502,27
77080016,Rua 25,,Taquarussu,6502,27
77080018,Avenida das Nações,,Taquarussu,6502,27
77080020,Avenida 7ª Avenida,,Taquarussu,6502,27
77080022,Avenida 6ª Avenida,,Taquarussu,6502,27
77080024,Rua 31,,Taquarussu,6502,27
77080026,Rua 8 C,,Taquarussu,6502,27
77080028,Rua do Retorno,,Taquarussu,6502,27
77080030,Rua 23,,Taquarussu,6502,27
77080034,Rua Gregório Terêncio,,Taquarussu,6502,27
77080035,Rua 14,,Taquarussu,6502,27
77080036,Rua 15,,Taquarussu,6502,27
77080038,Rua 14 A,,Taquarussu,6502,27
77080040,Rua 17,,Taquarussu,6502,27
77080042,Rua 17 A,,Taquarussu,6502,27
77080044,Rua 30,,Taquarussu,6502,27
77080046,Rua 8,,Taquarussu,6502,27
77080047,Rua 8 B,,Taquarussu,6502,27
77080051,Rua 5 A,,Taquarussu,6502,27
77080052,Rua 5,,Taquarussu,6502,27
77080053,Rua 6 A,,Taquarussu,6502,27
77080056,Avenida Novo Acordo,,Taquarussu,6502,27
77080060,Avenida Belo Horizonte,,Taquarussu,6502,27
77080062,Rua 34,,Taquarussu,6502,27
77080063,Rua 38,,Taquarussu,6502,27
77080064,Rua 14 B,,Taquarussu,6502,27
77080066,Rua 15 A,,Taquarussu,6502,27
77080068,Alameda Sumidouro,,Taquarussu,6502,27
77080070,Rua 9,,Taquarussu,6502,27
77080071,Rua 10 A,,Taquarussu,6502,27
77080072,Rua 10,,Taquarussu,6502,27
77080076,Rua 19 A,,Taquarussu,6502,27
77080078,Rua 19,,Taquarussu,6502,27
77080081,Rua 8 A,,Taquarussu,6502,27
77080082,Avenida Serra Grande,,Taquarussu,6502,27
77080086,Avenida 3ª Avenida,,Taquarussu,6502,27
77080087,Avenida 4ª Avenida,,Taquarussu,6502,27
77080088,Avenida 2ª Avenida,,Taquarussu,6502,27
77080090,Avenida 1ª Avenida,,Taquarussu,6502,27
77080095,Rua 7,,Taquarussu,6502,27
77080102,Rua 2,,Taquarussu,6502,27
77080104,Rua 1,,Taquarussu,6502,27
77080106,Rua 27,,Taquarussu,6502,27
77080108,Rua São Sebastião,,Taquarussu,6502,27
77080109,Rua 26,,Taquarussu,6502,27
77080110,Rua 32,,Taquarussu,6502,27
77080112,Rua 33 A,,Taquarussu,6502,27
77080114,Rua 33,,Taquarussu,6502,27
77080116,Rua 22 A,,Taquarussu,6502,27
77080118,Rua 22,,Taquarussu,6502,27
77089980,Rua 20 10 Quadra 70 Lote 13,,Taquarussu,6502,27
77090002,Avenida Martins B. de Sousa,,Buritirana,6502,27
77090004,Rua 11,,Buritirana,6502,27
77090006,Avenida Estevão Alves de Castro,,Buritirana,6502,27
77090008,Rua 7,,Buritirana,6502,27
77090010,Rua Domingos Barbosa,,Buritirana,6502,27
77090012,Rua Júlio Curado de Sousa,,Buritirana,6502,27
77090014,Rua Josefa Alves da Cunha,,Buritirana,6502,27
77090016,Rua Pedro Gomes Sales,,Buritirana,6502,27
77090018,Rua Simplício Gomes da Silva,,Buritirana,6502,27
77090020,Rua Tiago Barbosa de Sousa,,Buritirana,6502,27
77090022,Rua 2,,Buritirana,6502,27
77090024,Rua 3,,Buritirana,6502,27
77090026,Rua Manoel Ferreira Leite,,Buritirana,6502,27
77090028,Rua Benjamim Alves Pinto,,Buritirana,6502,27
77090030,Rua Anízio Alves Nunes,,Buritirana,6502,27
77090031,Rua Donato Pereira da Silva,,Buritirana,6502,27
77090032,Rua 10,,Buritirana,6502,27
77090034,Rua Maria Alves Araújo,,Buritirana,6502,27
77090036,Rua Marcília Oliveira,,Buritirana,6502,27
77090038,Rua Isabel Verissimo,,Buritirana,6502,27
77090040,Rua Luiz Nunes de Oliveira,,Buritirana,6502,27
77090044,Rua Donotílio Ribeiro de Sousa,,Buritirana,6502,27
77090046,Avenida Hosana Pinto,,Buritirana,6502,27
77090050,Rua Juscelino Ribeiro Pinto,,Buritirana,6502,27
77300000,,,,2963,27
77300970,Rua Verissimo da Mata 187,,Setor Central,2963,27
77303000,,,,7747,27
77303970,"Rua Joaquim de França, s/n",,Setor Central,7747,27
77305000,,,,2575,27
77305970,"Rua Coronel Guedes, s/n",,Setor Central,2575,27
77308000,,,,9536,27
77308970,"Avenida Pedro Ludovico Teixeira, s/n",,Setor Central,9536,27
77310000,,,,214,27
77310970,Avenida São Sebastião 18,,Setor Central,214,27
77315000,,,,7230,27
77315970,Avenida Goiás 184,,Setor Central,7230,27
77318000,,,,6274,27
77318970,"Rua Gercino Lopes Silveira, s/n",,Setor Central,6274,27
77320000,,,,9526,27
77320970,Rua Deputado João de Abreu 7,,Setor Central,9526,27
77325000,,,,762,27
77325970,"Rua Baltazar Izidoro Trigueiro, s/n",,Setor Central,762,27
77328000,,,,5113,27
77328970,Avenida Tertuliano Santos 118,,Setor Central,5113,27
77330000,,,,687,27
77330970,Praça Coronel Joaquim S. Silva 21,,Setor Central,687,27
77333000,,,Cana Brava,687,27
77349971,"Rua Destilaria Vale de Palmas, s/n",,Depasa,687,27
77349972,"Avenida Principal, s/n",,Setor Central,687,27
77350000,,,,2531,27
77350970,Rua Principal 398,,Setor Central,2531,27
77353000,,,,6246,27
77353970,Rua Doutor João de Abreu 78,,Setor Central,6246,27
77360000,,,,6608,27
77360970,Rua dos Passos 231,,Setor Central,6608,27
77365000,,,,6533,27
77365970,Rua 9 223,,Setor Central,6533,27
77368000,,,,9054,27
77368970,Avenida JK 150,,Setor Central,9054,27
77370000,,,,5991,27
77370970,Praça da Bandeira 42,,Setor Central,5991,27
77373000,,,Príncipe,5991,27
77375000,,,,8293,27
77375970,"Avenida Alice Aires, s/n",,Setor Central,8293,27
77375971,"Avenida Principal, s/n",,Setor Central,8293,27
77375972,"Avenida Principal, s/n",,Setor Central,8293,27
77378000,,,,2367,27
77378970,"Avenida 26 de Julho, s/n",,Setor Central,2367,27
77380000,,,,6990,27
77380970,"Avenida 6, s/n",,Setor Central,6990,27
77390000,,,,9132,27
77390970,Avenida Tocantins 667,,Setor Central,9132,27
77393000,,,Apinajé,9132,27
77395000,,,,7284,27
77395970,Praça Gabriel Alves Cardoso 1107,,Setor Central,7284,27
77402010,Rua Joaquim Batista,,Setor Central,3873,27
77402011,Praça da Matriz Santo Antônio,,Setor Central,3873,27
77402012,Praça da Matriz Nossa Senhora da Abadia,,Setor Central,3873,27
77402013,Praça Francisco Henrique Santana,,Setor Central,3873,27
77402020,Rua Newton da Rocha,,Setor Central,3873,27
77402030,Rua Trinta e Um de Março,,Setor Central,3873,27
77402040,Rua Manuel da Rocha,,Setor Central,3873,27
77402050,Rua Deputado José de Assis,- até 1598/1599,Setor Central,3873,27
77402060,Rua Engenheiro Bernardo Sayão,- até 998/999,Setor Central,3873,27
77402070,Rua Senador Pedro Ludovico,- até 998/999,Setor Central,3873,27
77402080,Rua Ministro Alfredo Nasser,- até 1198/1199,Setor Central,3873,27
77402090,Rua Presidente Getúlio Vargas,- até 1198/1199,Setor Central,3873,27
77402130,Rua Adelmo Aires Negri,- até 1498/1499,Setor Central,3873,27
77402140,Rua de 14 novembro,- até 1498/1499,Setor Central,3873,27
77402150,Rua Eurídice Rodrigues Brito,- até 1198/1199,Setor Central,3873,27
77402160,Rua 2-A,,Muniz Santana,3873,27
77402170,Rua 3-A,,Muniz Santana,3873,27
77402180,Rua 4-A,,Muniz Santana,3873,27
77402190,Rua Bahia,,Muniz Santana,3873,27
77402200,Avenida Gurupi,,Muniz Santana,3873,27
77402210,Rodovia BR-153,,Setor Central,3873,27
77402220,Rodovia BR-153,,Muniz Santana,3873,27
77402900,Rua Ministro Alfredo Nasser 1090,,Setor Central,3873,27
77402970,Rua Ministro Alfredo Nasser 1090,,Setor Central,3873,27
77402971,Rua Ministro Alfredo Nasser 1090,,Setor Central,3873,27
77402973,Rua Ministro Alfredo Nasser 1090,,Setor Central,3873,27
77402975,Rua Ministro Alfredo Nasser 1090,,Setor Central,3873,27
77403010,Avenida Pará,,Setor Central,3873,27
77403020,Avenida Mato Grosso,,Setor Central,3873,27
77403030,Avenida Amazonas,,Setor Central,3873,27
77403040,Avenida São Paulo,,Setor Central,3873,27
77403050,Avenida Paraná,,Setor Central,3873,27
77403060,Avenida Santa Catarina,,Setor Central,3873,27
77403070,Avenida Rio Grande do Sul,,Setor Central,3873,27
77403090,Avenida Rio de Janeiro,,Setor Central,3873,27
77403100,Avenida Espírito Santo,,Setor Central,3873,27
77403110,Avenida Minas Gerais,,Setor Central,3873,27
77403130,Avenida Sergipe,,Setor Central,3873,27
77403140,Avenida Roraima,,Setor Central,3873,27
77403150,Avenida Roraima,,Vila Alagoana,3873,27
77403160,Rua Newton da Rocha,,Vila Alagoana,3873,27
77403165,Avenida Minas Gerais,,Vila Alagoana,3873,27
77403170,Rua Joaquim Batista de Oliveira,,Vila Alagoana,3873,27
77403175,Rua Trinta e um de Março,- de 700/701 a 898/899,Vila Alagoana,3873,27
77403180,Rua 23,,Vila Alagoana,3873,27
77403190,Rua 24,,Vila Alagoana,3873,27
77403195,Avenida Fernando de Noronha,,Vila Alagoana,3873,27
77403200,Rua 25,,Vila Alagoana,3873,27
77403210,Rua 1,,Jardim Eldorado,3873,27
77403215,Avenida do Rio Grande Sul,- de 2700/2701 a 2998/2999,Jardim Eldorado,3873,27
77403218,Rodovia BR 153,,Jardim Eldorado,3873,27
77403220,Rua 2,,Jardim Eldorado,3873,27
77403225,Avenida Guanabara,- de 1800/1801 ao fim,Jardim Eldorado,3873,27
77403227,Rua Leste,,Jardim Eldorado,3873,27
77403230,Rua 3,,Jardim Eldorado,3873,27
77403235,Avenida Rio de Janeiro,- de 1600/1601 ao fim,Jardim Eldorado,3873,27
77403240,Rua 4,,Jardim Eldorado,3873,27
77403245,Avenida Espírito Santo,- de 1500/1501 ao fim,Jardim Eldorado,3873,27
77403250,Rua 5,,Jardim Eldorado,3873,27
77403255,Avenida Minas Gerais,- de 1500/1501 ao fim,Jardim Eldorado,3873,27
77403258,Rua Engenheiro Bernardo Sayão,- até 296/297,Jardim Eldorado,3873,27
77403260,Rua 6,,Jardim Eldorado,3873,27
77403265,Rua Deputado de José Assis,- de 300/301 a 698/699,Jardim Eldorado,3873,27
77403270,Rua 7,,Jardim Eldorado,3873,27
77403275,Rua da Manuel Rocha,- de 100/101 a 498/499,Jardim Eldorado,3873,27
77403280,Rua 8,,Jardim Eldorado,3873,27
77403285,Rua de Trinta e um Março,- de 900/901 a 1398/1399,Jardim Eldorado,3873,27
77403290,Rua 9,,Jardim Eldorado,3873,27
77403295,Rua da Newton Rocha Gomes,- de 800/801 ao fim,Jardim Eldorado,3873,27
77403305,Rua de Joaquim Batista Oliveira,- de 500/501 a 898/899,Jardim Eldorado,3873,27
77403310,Rua 11,,Jardim Eldorado,3873,27
77403315,Rua José Rego,- de 400/401 a 798/799,Jardim Eldorado,3873,27
77403320,Rua 12,,Jardim Eldorado,3873,27
77403330,Rua 13,,Jardim Eldorado,3873,27
77403340,Rua 14,,Jardim Eldorado,3873,27
77403350,Rua 15,,Jardim Eldorado,3873,27
77403355,Avenida Humberto Alencar Castelo Branco,,Jardim Eldorado,3873,27
77403358,Rua 24,,Jardim Eldorado,3873,27
77403360,Praça da Bíblia,,Jardim Eldorado,3873,27
77403900,Avenida Rio de Janeiro 1527,,Setor Central,3873,27
77403901,Avenida São Paulo 1375,,Setor Central,3873,27
77403970,Avenida Rio Grande do Sul 2580,,Setor Central,3873,27
77404000,Rua Jonas Alves Lustosa,,Parque Residencial dos Cajueiros,3873,27
77404010,Rua Luíz Alves Lustosa,,Parque Residencial dos Cajueiros,3873,27
77404020,Rua Etelvino Alves Lustosa,,Parque Residencial dos Cajueiros,3873,27
77404030,Rua Raimundo Sousa Dourado,,Parque Residencial dos Cajueiros,3873,27
77404040,Rua Zulmira Lustosa Cabral,,Parque Residencial dos Cajueiros,3873,27
77404050,Rua Natal,,Parque Residencial dos Cajueiros,3873,27
77404060,Rua Benedito A. Guida,,Parque Residencial dos Cajueiros,3873,27
77404070,Rua Antônia A. Morais,,Parque Residencial dos Cajueiros,3873,27
77404075,Rua Antonia Alves de Morais,,Parque Residencial dos Cajueiros,3873,27
77404080,Rua São Luíz,,Parque Residencial dos Cajueiros,3873,27
77404090,Rua Nelson Luíz,,Parque Residencial dos Cajueiros,3873,27
77404110,Rua Imperatriz,,Parque Residencial dos Cajueiros,3873,27
77404120,Rua Carlos D. Andrade,,Parque Residencial dos Cajueiros,3873,27
77404130,Rua Carlos Chagas,,Parque Residencial dos Cajueiros,3873,27
77404140,Rua Luíz Camões,,Parque Residencial dos Cajueiros,3873,27
77404145,Rua Lourdes Amorim,,Parque Residencial dos Cajueiros,3873,27
77405010,Rua Francisco Abreu,,Setor Central,3873,27
77405030,Rua Figueiredo de Aguiar,,Setor Central,3873,27
77405040,Rua Delfino Aguiar,,Setor Central,3873,27
77405045,Rua 13 A,,Setor Central,3873,27
77405050,Rua Pedro Álvares Cabral,,Setor Central,3873,27
77405060,Rua Eurídice Rodrigues Brito,- de 1200/1201 ao fim,Setor Central,3873,27
77405070,Rua de 14 novembro,- de 1500/1501 ao fim,Setor Central,3873,27
77405080,Rua Adelmo Aires Negri,,Setor Central,3873,27
77405090,Rua Presidente Castelo Branco,,Setor Central,3873,27
77405100,Rua Antônio Lisboa da Cruz,- de 1400/1401 ao fim,Setor Central,3873,27
77405110,Rua Presidente Juscelino Kubitschek,- de 1400/1401 ao fim,Setor Central,3873,27
77405120,Rua Presidente Getúlio Vargas,- de 1200/1201 ao fim,Setor Central,3873,27
77405130,Rua Ministro Alfredo Nasser,- de 1200/1201 ao fim,Setor Central,3873,27
77405140,Rua Senador Pedro Ludovico,- de 1200/1201 ao fim,Setor Central,3873,27
77405145,Rua 8A,,Setor Central,3873,27
77405150,Rua Engenheiro Bernardo Sayão,- de 1000/1001 ao fim,Setor Central,3873,27
77405160,Rua Deputado José de Assis,- de 1600/1601 ao fim,Setor Central,3873,27
77405170,Avenida Goiás,,Setor União I,3873,27
77405180,Avenida Maranhão,,Setor União I,3873,27
77405190,Rua 20,,Setor União I,3873,27
77405200,Rua 20-A,,Setor União I,3873,27
77405210,Rua 21-A,,Setor União I,3873,27
77405220,Rua 19,,Setor União III,3873,27
77405230,Rua 19-B,,Setor União III,3873,27
77405240,Rua 10-A,,Setor União IV,3873,27
77405245,Rua 10 B,,Setor União IV,3873,27
77405250,Avenida Ceará,,Setor União II,3873,27
77405260,Avenida Ceará,,Setor Casego,3873,27
77405270,Avenida Paraíba,,Setor União II,3873,27
77405280,Avenida Paraíba,,Setor Casego,3873,27
77405290,Rua 21,,Setor União II,3873,27
77405300,Rua 21-B,,Setor União II,3873,27
77405310,Rua D,,Setor União II,3873,27
77405320,Rua E,,Setor União II,3873,27
77405330,Rua F,,Setor União II,3873,27
77405340,Rua G,,Setor União II,3873,27
77405350,Avenida Alagoas,,Setor Casego,3873,27
77405360,Rua Rio Grande do Norte,,Setor Casego,3873,27
77405370,Rua A,,Setor Casego,3873,27
77405372,Rua D,,Setor Casego,3873,27
77405380,Avenida Perimetral Sul,,Setor Casego,3873,27
77405385,Rua Contorno,,Setor Casego,3873,27
77405390,Avenida E,,Setor Casego,3873,27
77405900,Rua de 14 novembro 1500,,Setor Central,3873,27
77410010,Avenida Goiás,,Setor Central,3873,27
77410020,Avenida Maranhão,,Setor Central,3873,27
77410030,Avenida Piauí,,Setor Central,3873,27
77410040,Avenida Pernambuco,,Setor Central,3873,27
77410050,Avenida Ceará,,Setor Central,3873,27
77410060,Avenida Paraíba,,Setor Central,3873,27
77410070,Avenida Alagoas,,Setor União IV,3873,27
77410080,Avenida Rio Grande do Norte,,Setor Central,3873,27
77410090,Avenida Brasília,,Setor Central,3873,27
77410100,Avenida Bahia,,Setor Central,3873,27
77410110,Avenida Território do Amapá,,Setor Central,3873,27
77410128,Avenida Livre,- de 1200/1201 ao fim,Setor Central,3873,27
77410130,Avenida Guaporé,,Setor Central,3873,27
77410140,Avenida Paraíba,,Vila Paulista,3873,27
77410145,Rua 16 A,,Vila Paulista,3873,27
77410150,Rua C-001,,Vila Paulista,3873,27
77410160,Rua C-002,,Vila Paulista,3873,27
77410170,Rua C-003,,Vila Paulista,3873,27
77410175,Avenida Ceará,,Vila Paulista,3873,27
77410180,Rua C-004,,Vila Paulista,3873,27
77410190,Avenida Rio Grande do Norte,,Setor Leste,3873,27
77410200,Rua Januário J. Ferreira,,Setor Leste,3873,27
77410210,Rua Presidente Costa e Silva,,Setor Leste,3873,27
77410215,Viela do Setor Leste,,Setor Leste,3873,27
77410220,Rua L-001,,Setor Leste,3873,27
77410230,Rua L-002,,Setor Leste,3873,27
77410250,Rua L-004,,Setor Leste,3873,27
77410260,Rua L-005,,Setor Leste,3873,27
77410270,Rua L-006,,Setor Leste,3873,27
77410275,Avenida Alagoas,- de 815/816 a 898/899,Setor Leste,3873,27
77410280,Avenida Brasília,,Setor Leste,3873,27
77410290,Avenida Bahia,,Setor Leste,3873,27
77410300,Avenida Território do Amapá,,Setor Leste,3873,27
77410310,Avenida Território do Rio Branco,,Setor Leste,3873,27
77410320,Rua A,,Setor Leste,3873,27
77410330,Rua B,,Setor Leste,3873,27
77410343,Rua Presidente Costa e Silva,- de 1400/1401 ao fim,Alto dos Buritis,3873,27
77410350,Rua 18,,Alto dos Buritis,3873,27
77410370,Rua 19-A,,Alto dos Buritis,3873,27
77410375,Avenida Território do Amapá,,Alto dos Buritis,3873,27
77410380,Rua 20-A,,Alto dos Buritis,3873,27
77410390,Rua 21,,Alto dos Buritis,3873,27
77410400,Rua 21-A,,Alto dos Buritis,3873,27
77410410,Rua 21-B,,Alto dos Buritis,3873,27
77410420,Rua 21-C,,Alto dos Buritis,3873,27
77410423,Avenida Guaporé,- até 1098/1099,Alto dos Buritis,3873,27
77410430,Avenida Livre,,Alto dos Buritis,3873,27
77410440,Avenida Linolândia,,Alto dos Buritis,3873,27
77410450,Rua A,,Alto dos Buritis,3873,27
77410460,Rua Toledo,,Jardim Sevilha,3873,27
77410466,Rua de 14 novembro,- de 2600/2601 ao fim,Jardim Sevilha,3873,27
77410468,Rua de Eurídice Rodrigues Brito,- de 2400/2401 ao fim,Jardim Sevilha,3873,27
77410470,Alameda Madrid,,Jardim Sevilha,3873,27
77410480,Rua Burgos,,Jardim Sevilha,3873,27
77410490,Rua Balcares,,Jardim Sevilha,3873,27
77410500,Rua Alicante,,Jardim Sevilha,3873,27
77410510,Rua Cartagena,,Jardim Sevilha,3873,27
77410520,Rua Alcazar,,Jardim Sevilha,3873,27
77410530,Rua Badejos,,Jardim Sevilha,3873,27
77410540,Rua Córsega,,Jardim Sevilha,3873,27
77410550,Rua Sardenha,,Jardim Sevilha,3873,27
77410560,Rua Múrcia,,Jardim Sevilha,3873,27
77410570,Rua Barcelona,,Jardim Sevilha,3873,27
77410580,Rua Edre,,Jardim Sevilha,3873,27
77410590,Rua Saragoza,,Jardim Sevilha,3873,27
77410600,Rua C-4,,Parque Residencial São Paulo,3873,27
77410610,Rua Piracicaba,,Parque Residencial São Paulo,3873,27
77410620,Rua São Pedro,,Parque Residencial São Paulo,3873,27
77410630,Rua Torrinha,,Parque Residencial São Paulo,3873,27
77410640,Rua dos Córregos,,Parque Residencial São Paulo,3873,27
77410650,Rua C-3,,Parque Residencial São Paulo,3873,27
77410660,Avenida Paraíba,,Parque Residencial São Paulo,3873,27
77410900,"Avenida Rio Grande do Norte, s/n",,Setor Central,3873,27
77410901,Alameda Madrid 545,,Jardim Sevilha,3873,27
77411005,Rua 2,,Vila São José,3873,27
77411007,Avenida LIVRE,,Vila São José,3873,27
77411010,Rua 6,,Vila São José,3873,27
77411012,Rua 10 A,,Vila São José,3873,27
77411015,Rua 8,,Vila São José,3873,27
77411020,Rua 10,,Vila São José,3873,27
77411025,Rua 12,,Vila São José,3873,27
77411027,Rua 12 A,,Vila São José,3873,27
77411030,Rua 14,,Vila São José,3873,27
77411033,Rua 14 A,,Vila São José,3873,27
77411035,Rua 16,,Vila São José,3873,27
77411037,Rua 16 A,,Vila São José,3873,27
77411040,Rua 18,,Vila São José,3873,27
77411042,Rua 18 A,,Vila São José,3873,27
77411043,Rua 26,,Vila São José,3873,27
77411045,Rua 20,,Vila São José,3873,27
77411047,Rua 20 A,,Vila São José,3873,27
77411050,Rua 22,,Vila São José,3873,27
77411055,Rua 24,,Vila São José,3873,27
77411065,Rua 1,,Vila São José,3873,27
77411067,Rua Córsega,,Vila São José,3873,27
77411070,Rua 3,,Vila São José,3873,27
77411075,Rua 7,,Vila São José,3873,27
77411080,Rua 9,,Vila São José,3873,27
77411083,Rua 5,(Vila São José),Vila São José,3873,27
77411085,Rua Perimetral Norte,,Vila São José,3873,27
77411088,Rua 15,,Vila São José,3873,27
77411090,Rua 11,,Vila São José,3873,27
77413010,Rua 1,,Parque Primavera,3873,27
77413020,Rua 2,,Parque Primavera,3873,27
77413030,Rua 3,,Parque Primavera,3873,27
77413040,Rua 4,,Parque Primavera,3873,27
77413050,Rua 5,,Parque Primavera,3873,27
77413060,Rua 6,,Parque Primavera,3873,27
77413070,Rua 7,,Parque Primavera,3873,27
77413080,Rua 8,,Parque Primavera,3873,27
77413090,Rua 9,,Parque Primavera,3873,27
77413100,Rua 10,,Parque Primavera,3873,27
77413105,Rua 11,,Parque Primavera,3873,27
77413110,Rua N-001,,Setor Novo Horizonte,3873,27
77413115,Avenida Território do Amapá,,Setor Novo Horizonte,3873,27
77413120,Rua N-002,,Setor Novo Horizonte,3873,27
77413130,Rua N-003,,Setor Novo Horizonte,3873,27
77413140,Rua N-004,,Setor Novo Horizonte,3873,27
77413150,Rua N-005,,Setor Novo Horizonte,3873,27
77413160,Rua N-006,,Setor Novo Horizonte,3873,27
77413170,Rua N-007,,Setor Novo Horizonte,3873,27
77413180,Rua N-008,,Setor Novo Horizonte,3873,27
77413190,Rua N-009,,Setor Novo Horizonte,3873,27
77413200,Rua N-010,,Setor Novo Horizonte,3873,27
77413210,Rua N-011,,Setor Novo Horizonte,3873,27
77413215,Rua N 13,,Setor Novo Horizonte,3873,27
77413220,Avenida Território do Guaporé,,Setor Novo Horizonte,3873,27
77413225,Rua N12,,Setor Novo Horizonte,3873,27
77413230,Avenida Território do Rio Branco,,Setor Novo Horizonte,3873,27
77413240,Rua 1,,Jardim Flamboyant,3873,27
77413250,Rua 2,,Jardim Flamboyant,3873,27
77413260,Rua 3,,Jardim Flamboyant,3873,27
77413270,Rua 4,,Jardim Flamboyant,3873,27
77413280,Rua 5,,Jardim Flamboyant,3873,27
77413290,Rua 6,,Jardim Flamboyant,3873,27
77413300,Avenida Amapá,,Jardim Flamboyant,3873,27
77413310,Rua Ana Guedes,,Jardim Flamboyant,3873,27
77413320,Rua Uruaçu,,Jardim das Palmeiras,3873,27
77413330,Rua Alvorada,,Jardim das Palmeiras,3873,27
77413340,Rua Gurupi,,Jardim das Palmeiras,3873,27
77413350,Rua Araguaína,,Jardim das Palmeiras,3873,27
77413360,Rua 7,,Jardim das Palmeiras,3873,27
77413370,Rua 8,,Jardim das Palmeiras,3873,27
77413380,Rua 9,,Jardim das Palmeiras,3873,27
77413390,Rua 10,,Jardim das Palmeiras,3873,27
77413400,Rua P,,Jardim das Palmeiras,3873,27
77413405,Rua I,,Jardim das Palmeiras,3873,27
77413410,Rua R,,Jardim das Palmeiras,3873,27
77413420,Rua S,,Jardim das Palmeiras,3873,27
77413440,Rua A,,Vila Iris,3873,27
77413450,Rua B,,Vila Iris,3873,27
77413460,Rua C,,Vila Iris,3873,27
77413470,Rua D,,Vila Iris,3873,27
77413480,Rua E,,Vila Iris,3873,27
77413490,Rua F,,Vila Iris,3873,27
77413510,Rua H,,Vila Iris,3873,27
77413520,Rua I,,Vila Iris,3873,27
77413530,Rua J,,Vila Iris,3873,27
77413550,Rua L,,Vila Iris,3873,27
77413560,Rua M,,Vila Iris,3873,27
77413570,Rua N,,Vila Iris,3873,27
77413580,Rua O,,Vila Iris,3873,27
77413590,Rua P,,Vila Iris,3873,27
77413600,Rua Q,,Vila Iris,3873,27
77413610,Rua R,,Vila Iris,3873,27
77413620,Rua S,,Vila Iris,3873,27
77413640,Rua B,,Setor Cruzeiro,3873,27
77413650,Rua C,,Setor Cruzeiro,3873,27
77413660,Rua D,,Setor Cruzeiro,3873,27
77413670,Rua E,,Setor Cruzeiro,3873,27
77413680,Rua J,,Setor Cruzeiro,3873,27
77413690,Rua K,,Setor Cruzeiro,3873,27
77413700,Rua T,,Setor Cruzeiro,3873,27
77413710,Rua S,,Setor Cruzeiro,3873,27
77413730,Rua Miranorte,,Setor União V,3873,27
77413740,Rua Paraíso,,Setor União V,3873,27
77413750,Rua N,,Setor União V,3873,27
77413760,Rua H,,Setor União IV,3873,27
77413770,Rua X,,Setor União V,3873,27
77413780,Rua I,,Setor União V,3873,27
77413785,Rua S,,Setor União V,3873,27
77413790,Rua J,,Setor União V,3873,27
77413795,Rua T,,Setor União V,3873,27
77413800,Rua K,,Setor União V,3873,27
77413805,Rua L,,Setor União V,3873,27
77413810,Rua M,,Setor União V,3873,27
77413815,Rua O,(SETOR UNIÃO V),Setor União V,3873,27
77413820,Avenida Beira Rio,,Setor União V,3873,27
77414752,Rua C,,Santa Rita de Cássia,3873,27
77414753,Avenida B,,Santa Rita de Cássia,3873,27
77414754,Rua B,,Santa Rita de Cássia,3873,27
77414756,Rua A,,Santa Rita de Cássia,3873,27
77415010,Rua 30-A,,Parque Residencial Nova Fronteira,3873,27
77415020,Rua 31,,Parque Residencial Nova Fronteira,3873,27
77415030,Rua 32,,Parque Residencial Nova Fronteira,3873,27
77415040,Rua 32-A,,Parque Residencial Nova Fronteira,3873,27
77415050,Rua 33,,Parque Residencial Nova Fronteira,3873,27
77415060,Rua 34,,Parque Residencial Nova Fronteira,3873,27
77415070,Rua 34-A,,Parque Residencial Nova Fronteira,3873,27
77415080,Rua 34-B,,Parque Residencial Nova Fronteira,3873,27
77415090,Rua 35,,Parque Residencial Nova Fronteira,3873,27
77415100,Rua 35-A,,Parque Residencial Nova Fronteira,3873,27
77415110,Rua 36,,Parque Residencial Nova Fronteira,3873,27
77415120,Rua 36-A,,Parque Residencial Nova Fronteira,3873,27
77415130,Rua 37,,Parque Residencial Nova Fronteira,3873,27
77415140,Rua 37-A,,Parque Residencial Nova Fronteira,3873,27
77415150,Rua 37-B,,Parque Residencial Nova Fronteira,3873,27
77415160,Rua 38,,Parque Residencial Nova Fronteira,3873,27
77415170,Avenida Alameda Sumaré,,Parque Residencial Nova Fronteira,3873,27
77415180,Rua 38-A,,Parque Residencial Nova Fronteira,3873,27
77415190,Rua 39,,Parque Residencial Nova Fronteira,3873,27
77415200,Rua 40,,Parque Residencial Nova Fronteira,3873,27
77415210,Rua 40-A,,Parque Residencial Nova Fronteira,3873,27
77415220,Rua 41,,Parque Residencial Nova Fronteira,3873,27
77415230,Rua 42,,Parque Residencial Nova Fronteira,3873,27
77415240,Rua 43,,Parque Residencial Nova Fronteira,3873,27
77415250,Rua 44,,Parque Residencial Nova Fronteira,3873,27
77415260,Rua 44-A,,Parque Residencial Nova Fronteira,3873,27
77415270,Rua 45,,Parque Residencial Nova Fronteira,3873,27
77415280,Rua 46,,Parque Residencial Nova Fronteira,3873,27
77415290,Rua 47,,Parque Residencial Nova Fronteira,3873,27
77415300,Rua 48,,Parque Residencial Nova Fronteira,3873,27
77415310,Rua 48-A,,Parque Residencial Nova Fronteira,3873,27
77415320,Rua 49,,Parque Residencial Nova Fronteira,3873,27
77415330,Rua 50,,Parque Residencial Nova Fronteira,3873,27
77415340,Rua 51,,Parque Residencial Nova Fronteira,3873,27
77415350,Rua 51-A,,Parque Residencial Nova Fronteira,3873,27
77415360,Rua 52,,Parque Residencial Nova Fronteira,3873,27
77415370,Avenida B,,Parque Residencial Nova Fronteira,3873,27
77415380,Rua 53,,Parque Residencial Nova Fronteira,3873,27
77415390,Rua 54,,Parque Residencial Nova Fronteira,3873,27
77415400,Rua 55,,Parque Residencial Nova Fronteira,3873,27
77415410,Rua 56,,Parque Residencial Nova Fronteira,3873,27
77415420,Rua 57,,Parque Residencial Nova Fronteira,3873,27
77415430,Rua 58,,Parque Residencial Nova Fronteira,3873,27
77415440,Rua 59,,Parque Residencial Nova Fronteira,3873,27
77415450,Rua 60,,Parque Residencial Nova Fronteira,3873,27
77415460,Rua 61,,Parque Residencial Nova Fronteira,3873,27
77415470,Rua 62,,Parque Residencial Nova Fronteira,3873,27
77415480,Rua 63,,Parque Residencial Nova Fronteira,3873,27
77415490,Rua 64,,Parque Residencial Nova Fronteira,3873,27
77415500,Avenida E,,Parque Residencial Nova Fronteira,3873,27
77415510,Rua 70,,Parque Residencial Nova Fronteira,3873,27
77415520,Rua 70-A,,Parque Residencial Nova Fronteira,3873,27
77415530,Rua 70-B,,Parque Residencial Nova Fronteira,3873,27
77415540,Rua 70-C,,Parque Residencial Nova Fronteira,3873,27
77415550,Rua 70-D,,Parque Residencial Nova Fronteira,3873,27
77415555,Via de Pedestre VP-07,,Parque Residencial Nova Fronteira,3873,27
77415560,Rua 70-E,,Parque Residencial Nova Fronteira,3873,27
77415570,Rua 71,,Parque Residencial Nova Fronteira,3873,27
77415580,Rua 72,,Parque Residencial Nova Fronteira,3873,27
77415590,Rua 72-A,,Parque Residencial Nova Fronteira,3873,27
77415600,Rua 72-B,,Parque Residencial Nova Fronteira,3873,27
77415610,Rua 73,,Parque Residencial Nova Fronteira,3873,27
77415620,Rua 74,,Parque Residencial Nova Fronteira,3873,27
77415630,Rua 75,,Parque Residencial Nova Fronteira,3873,27
77415640,Rua 77,,Parque Residencial Nova Fronteira,3873,27
77415650,Rua 78,,Parque Residencial Nova Fronteira,3873,27
77415660,Rua 78-A,,Parque Residencial Nova Fronteira,3873,27
77415670,Rua 78-B,,Parque Residencial Nova Fronteira,3873,27
77415680,Rua 78-C,,Parque Residencial Nova Fronteira,3873,27
77415690,Rua 79,,Parque Residencial Nova Fronteira,3873,27
77415700,Rua 80,,Parque Residencial Nova Fronteira,3873,27
77415705,Rua D,,Parque Residencial Nova Fronteira,3873,27
77415710,Rua 80-A,,Parque Residencial Nova Fronteira,3873,27
77415720,Rua 80-B,,Parque Residencial Nova Fronteira,3873,27
77415730,Rua 80-C,,Parque Residencial Nova Fronteira,3873,27
77415740,Rua 80-D,,Parque Residencial Nova Fronteira,3873,27
77415750,Rua 80-E,,Parque Residencial Nova Fronteira,3873,27
77415760,Rua 80-F,,Parque Residencial Nova Fronteira,3873,27
77415770,Rua 80-G,,Parque Residencial Nova Fronteira,3873,27
77415780,Rua 80-H,,Parque Residencial Nova Fronteira,3873,27
77415790,Avenida A,,Parque Residencial Nova Fronteira,3873,27
77415800,Avenida C,,Parque Residencial Nova Fronteira,3873,27
77415810,Rua 29,,Parque Residencial Nova Fronteira,3873,27
77415820,Rua 30,,Parque Residencial Nova Fronteira,3873,27
77415840,Avenida C,,Loteamento Parque Residencial Atalaia,3873,27
77415842,Rua Noé Bezerra,,Loteamento Parque Residencial Atalaia,3873,27
77415844,Rua Nilza Amaral,,Loteamento Parque Residencial Atalaia,3873,27
77415846,Rua Célia Amaral,,Loteamento Parque Residencial Atalaia,3873,27
77415848,Rua Marconi Amaral,,Loteamento Parque Residencial Atalaia,3873,27
77415850,Rua Lindolfo Lustosa,,Loteamento Parque Residencial Atalaia,3873,27
77415852,Rua Raquel Lustosa,,Loteamento Parque Residencial Atalaia,3873,27
77415854,Rua Leonidas Brito,,Loteamento Parque Residencial Atalaia,3873,27
77415856,Rua Samuel Amaral,,Loteamento Parque Residencial Atalaia,3873,27
77415858,Rua Elita Leitão,,Loteamento Parque Residencial Atalaia,3873,27
77415860,Rua Sonia Amaral,,Loteamento Parque Residencial Atalaia,3873,27
77415862,Rua Esdras Avelino,,Loteamento Parque Residencial Atalaia,3873,27
77415864,Rua Avelino,,Loteamento Parque Residencial Atalaia,3873,27
77415866,Rua Cícero Lustosa,,Loteamento Parque Residencial Atalaia,3873,27
77415868,Rua Ana Maria Amaral,,Loteamento Parque Residencial Atalaia,3873,27
77415870,Rua Alice Shutz,,Loteamento Parque Residencial Atalaia,3873,27
77415872,Rua Mendes Reis,,Loteamento Parque Residencial Atalaia,3873,27
77416005,Rua 1,,Jardim Guanabara,3873,27
77416010,Rua 2,,Jardim Guanabara,3873,27
77416015,Rua 3,,Jardim Guanabara,3873,27
77416020,Rua D,,Jardim Guanabara,3873,27
77416025,Rua 4,,Jardim Guanabara,3873,27
77416030,Rua 5,,Jardim Guanabara,3873,27
77416035,Rua 6,,Jardim Guanabara,3873,27
77416040,Rua 7,,Jardim Guanabara,3873,27
77416045,Rua 8,,Jardim Guanabara,3873,27
77416050,Rua 9,,Jardim Guanabara,3873,27
77416055,Rua 10,,Jardim Guanabara,3873,27
77416060,Rua G,,Jardim Guanabara,3873,27
77420010,Avenida Pioneira,,Jardim das Bandeiras,3873,27
77420020,Avenida Pascoal Moreira Cabral,,Jardim das Bandeiras,3873,27
77420030,Rua Presidente Juscelino Kubitschek,,Jardim das Bandeiras,3873,27
77420040,Avenida Padre José de Anchieta,,Jardim das Bandeiras,3873,27
77420050,Rodovia BR-153,,Jardim das Bandeiras,3873,27
77420060,Avenida José Bonifácio,,Jardim das Bandeiras,3873,27
77420070,Avenida Dom Afonso IV,,Jardim das Bandeiras,3873,27
77420080,Avenida Bernardo Sayão,,Jardim das Bandeiras,3873,27
77420090,Avenida Dom João VI,,Jardim das Bandeiras,3873,27
77420100,Avenida Dom Pedro I,,Jardim das Bandeiras,3873,27
77420110,Avenida Dom Pedro II,,Jardim das Bandeiras,3873,27
77420120,Rua Princesa Isabel,,Jardim das Bandeiras,3873,27
77420130,Avenida Borba Gato,,Jardim das Bandeiras,3873,27
77420140,Rua das Bandeiras,,Jardim das Bandeiras,3873,27
77420150,Rua Garcia Rodrigues País,,Jardim das Bandeiras,3873,27
77420160,Avenida Fernão Dias País,,Jardim das Bandeiras,3873,27
77420170,Avenida Bartolomeu Bueno da Silva,,Jardim das Bandeiras,3873,27
77420180,Avenida Antônio Rodrigues,,Jardim das Bandeiras,3873,27
77420190,Avenida Raposo Tavares,,Jardim das Bandeiras,3873,27
77420195,Avenida Jesuíta,,Jardim das Bandeiras,3873,27
77420200,Avenida Bandeirantes,,Jardim das Bandeiras,3873,27
77420210,Avenida Francisco Orellana,,Jardim das Bandeiras,3873,27
77420220,Avenida A,,Shangri-Lá,3873,27
77420230,Avenida Água Franca,,Shangri-Lá,3873,27
77420240,Rua B,,Shangri-Lá,3873,27
77420250,Rua C,,Shangri-Lá,3873,27
77420260,Rua D,,Shangri-Lá,3873,27
77420280,Rua B 2,,Shangri-Lá,3873,27
77420290,Rua C-002,,Shangri-Lá,3873,27
77420300,Rua 1,,Parque Residencial Nova Fronteira,3873,27
77420310,Rua 2,,Parque Residencial Nova Fronteira,3873,27
77420320,Rua 2-A,,Parque Residencial Nova Fronteira,3873,27
77420330,Rua 2B,,Parque Residencial Nova Fronteira,3873,27
77420340,Rua 3,,Parque Residencial Nova Fronteira,3873,27
77420350,Rua 4,,Parque Residencial Nova Fronteira,3873,27
77420360,Rua 4-A,,Parque Residencial Nova Fronteira,3873,27
77420370,Rua 4-B,,Parque Residencial Nova Fronteira,3873,27
77420380,Rua 5,,Parque Residencial Nova Fronteira,3873,27
77420390,Rua 6,,Parque Residencial Nova Fronteira,3873,27
77420400,Rua 6-A,,Parque Residencial Nova Fronteira,3873,27
77420410,Rua 6-B,,Parque Residencial Nova Fronteira,3873,27
77420420,Rua 7,,Parque Residencial Nova Fronteira,3873,27
77420430,Rua 8,,Parque Residencial Nova Fronteira,3873,27
77420440,Rua 8-A,,Parque Residencial Nova Fronteira,3873,27
77420450,Rua 8-B,,Parque Residencial Nova Fronteira,3873,27
77420460,Rua 9,,Parque Residencial Nova Fronteira,3873,27
77420470,Rua 10,,Parque Residencial Nova Fronteira,3873,27
77420480,Rua 10-A,,Parque Residencial Nova Fronteira,3873,27
77420490,Rua 10-B,,Parque Residencial Nova Fronteira,3873,27
77420500,Rua 10-C,,Parque Residencial Nova Fronteira,3873,27
77420510,Rua 10-D,,Parque Residencial Nova Fronteira,3873,27
77420520,Rua 10-E,,Parque Residencial Nova Fronteira,3873,27
77420530,Rua 11,,Parque Residencial Nova Fronteira,3873,27
77420540,Rua 12,,Parque Residencial Nova Fronteira,3873,27
77420550,Rua 12-A,,Parque Residencial Nova Fronteira,3873,27
77420560,Rua 13,,Parque Residencial Nova Fronteira,3873,27
77420570,Rua 14,,Parque Residencial Nova Fronteira,3873,27
77420580,Rua 14-A,,Parque Residencial Nova Fronteira,3873,27
77420590,Rua 14-B,,Parque Residencial Nova Fronteira,3873,27
77420610,Rua 16,,Parque Residencial Nova Fronteira,3873,27
77420620,Rua 16-A,,Parque Residencial Nova Fronteira,3873,27
77420630,Rua 16-B,,Parque Residencial Nova Fronteira,3873,27
77420640,Rua 16-C,,Parque Residencial Nova Fronteira,3873,27
77420650,Rua 16-D,,Parque Residencial Nova Fronteira,3873,27
77420660,Rua 17,,Parque Residencial Nova Fronteira,3873,27
77420670,Rua 18,,Parque Residencial Nova Fronteira,3873,27
77420680,Rua 18-A,,Parque Residencial Nova Fronteira,3873,27
77420690,Rua 19,,Parque Residencial Nova Fronteira,3873,27
77420700,Rua 20,,Parque Residencial Nova Fronteira,3873,27
77420710,Rua 20-A,,Parque Residencial Nova Fronteira,3873,27
77420720,Rua 21,,Parque Residencial Nova Fronteira,3873,27
77420730,Rua 22,,Parque Residencial Nova Fronteira,3873,27
77420740,Rua 22-A,,Parque Residencial Nova Fronteira,3873,27
77420750,Rua 23,,Parque Residencial Nova Fronteira,3873,27
77420760,Rua 24,,Parque Residencial Nova Fronteira,3873,27
77420770,Rua 24-A,,Parque Residencial Nova Fronteira,3873,27
77420780,Rua 25,,Parque Residencial Nova Fronteira,3873,27
77420790,Rua 26,,Parque Residencial Nova Fronteira,3873,27
77420800,Rua 26-A,,Parque Residencial Nova Fronteira,3873,27
77420810,Rua 27,,Parque Residencial Nova Fronteira,3873,27
77420820,Rua 28,,Parque Residencial Nova Fronteira,3873,27
77420830,Rua 28-A,,Parque Residencial Nova Fronteira,3873,27
77420850,Rua Monte Sinai,,Setor Bela Vista,3873,27
77420852,Rua Teófilo,,Setor Bela Vista,3873,27
77420854,Rua Siloé,,Setor Bela Vista,3873,27
77420856,Rua Hebron,,Setor Bela Vista,3873,27
77420858,Rua de Rosa Saron,,Setor Bela Vista,3873,27
77420860,Rua Circular,,Setor Bela Vista,3873,27
77420862,Rua Canaã,,Setor Bela Vista,3873,27
77420864,Rua do Direita Jordão,,Setor Bela Vista,3873,27
77420866,Rua Betel,,Setor Bela Vista,3873,27
77420868,Rua dos Lírios,,Setor Bela Vista,3873,27
77420870,Rua Jerusalém,,Setor Bela Vista,3873,27
77420872,Rua Nice,,Setor Bela Vista,3873,27
77420874,Rua Salon,,Setor Bela Vista,3873,27
77421000,Rua 1,,Loteamento São Jorge,3873,27
77421002,Rua 3,,Loteamento São Jorge,3873,27
77421004,Rua 4,,Loteamento São Jorge,3873,27
77421006,Rua 5,,Loteamento São Jorge,3873,27
77421008,Rua D,,Loteamento São Jorge,3873,27
77421010,Rua 78,,Loteamento São Jorge,3873,27
77421100,Rua 1,,Setor Paulo de Tarso,3873,27
77421102,Rua 2,,Setor Paulo de Tarso,3873,27
77421104,Rua 4,,Setor Paulo de Tarso,3873,27
77421106,Rua 5,,Setor Paulo de Tarso,3873,27
77421108,Rua 7,,Setor Paulo de Tarso,3873,27
77423010,Rua B,,Waldir Lins I,3873,27
77423020,Rua C,,Waldir Lins I,3873,27
77423030,Rua D,,Waldir Lins I,3873,27
77423032,Rua E,,Waldir Lins I,3873,27
77423040,Rua F,,Waldir Lins I,3873,27
77423050,Rua G,,Waldir Lins I,3873,27
77423060,Rua H,,Waldir Lins I,3873,27
77423070,Rua I,,Waldir Lins I,3873,27
77423080,Rua J,,Waldir Lins I,3873,27
77423082,Rua L,,Waldir Lins I,3873,27
77423084,Rodovia BR-153,,Waldir Lins I,3873,27
77423090,Rua 1,,Waldir Lins I,3873,27
77423110,Rua 3,,Waldir Lins I,3873,27
77423120,Rua 4,,Waldir Lins I,3873,27
77423130,Rua 5,,Waldir Lins I,3873,27
77423140,Rua 6,,Waldir Lins I,3873,27
77423160,Rua 8,,Waldir Lins I,3873,27
77423170,Rua 9,,Waldir Lins I,3873,27
77423180,Rua 10,,Waldir Lins I,3873,27
77423190,Rua 11,,Waldir Lins I,3873,27
77423200,Rua 12,,Waldir Lins I,3873,27
77423210,Rua 13,,Waldir Lins I,3873,27
77423220,Rua 14,,Waldir Lins I,3873,27
77423230,Rua 15,,Waldir Lins I,3873,27
77423240,Rua Engenheiro Jofre Parada,,Waldir Lins II,3873,27
77423242,Rua D,,Waldir Lins II,3873,27
77423244,Avenida Beira Rio,,Waldir Lins II,3873,27
77423250,Avenida Pará,,Waldir Lins II,3873,27
77423252,Rua F,,Waldir Lins II,3873,27
77423260,Rua Santana,,Waldir Lins II,3873,27
77423270,Rua Minie,,Waldir Lins II,3873,27
77423290,Travessa 2,,Waldir Lins II,3873,27
77423300,Travessa 3,,Waldir Lins II,3873,27
77423350,Rua E,,Waldir Lins II,3873,27
77423390,Rua K,,Waldir Lins II,3873,27
77423400,Rua L,,Waldir Lins II,3873,27
77423402,Rua B,,Waldir Lins II,3873,27
77423410,Rua M,,Waldir Lins II,3873,27
77423412,Rua C,,Waldir Lins II,3873,27
77423420,Rua N,,Waldir Lins II,3873,27
77423430,Rua U,,Waldir Lins II,3873,27
77423443,Rua A,,Waldir Lins II,3873,27
77423445,Rua Joaquim Batista Oliveira,,Waldir Lins II,3873,27
77423450,Rua A,,Vila Guaracy,3873,27
77423460,Rua B,,Vila Guaracy,3873,27
77423470,Rua C,,Vila Guaracy,3873,27
77423480,Rua D,,Vila Guaracy,3873,27
77423490,Rua E,,Vila Guaracy,3873,27
77423500,Rua F,,Vila Guaracy,3873,27
77423505,Rua G,,Vila Guaracy,3873,27
77423510,Rua 1,,Vila Guaracy,3873,27
77423520,Rua 2,,Vila Guaracy,3873,27
77423530,Rua 3,,Vila Guaracy,3873,27
77423550,Rua 5,,Vila Guaracy,3873,27
77423560,Rua A-7,,Setor dos Funcionários,3873,27
77423565,Rua A-5,,Setor dos Funcionários,3873,27
77423570,Rua A-3,,Setor dos Funcionários,3873,27
77423575,Rua A-1,,Setor dos Funcionários,3873,27
77423580,Rua A-2,,Setor dos Funcionários,3873,27
77423585,Rua A-4,,Setor dos Funcionários,3873,27
77423590,Rua 78-A,,Setor dos Funcionários,3873,27
77423595,Avenida Alagoas,,Setor dos Funcionários,3873,27
77424010,Rua 10,,Residencial Daniela,3873,27
77424020,Rua 11,,Residencial Daniela,3873,27
77424030,Rua 12,,Residencial Daniela,3873,27
77424040,Avenida Melquíades Barros Santos,,Residencial Daniela,3873,27
77424050,Rua Leste,,Residencial Daniela,3873,27
77424060,Rua 13,,Residencial Daniela,3873,27
77424070,Rua 14,,Residencial Daniela,3873,27
77424080,Rua 18,,Residencial Daniela,3873,27
77424090,Avenida Otalmi da Rocha Gomes,,Residencial Daniela,3873,27
77424100,Rua Oeste,,Residencial Daniela,3873,27
77424110,Rua 9,,Residencial Daniela,3873,27
77424120,Rua 8,,Residencial Daniela,3873,27
77424130,Rua 7,,Residencial Daniela,3873,27
77424140,Rua 6,,Residencial Daniela,3873,27
77424150,Rua 5,,Residencial Daniela,3873,27
77424160,Rua 4,,Residencial Daniela,3873,27
77424170,Rua 3,,Residencial Daniela,3873,27
77424180,Rua 2,,Residencial Daniela,3873,27
77424190,Rua 1,,Residencial Daniela,3873,27
77424200,Rua 17,,Residencial Daniela,3873,27
77424210,Rua 16,,Residencial Daniela,3873,27
77424220,Rua 15,,Residencial Daniela,3873,27
77425010,Avenida Humberto Alencar Castelo Branco,,Parque Sol Nascente,3873,27
77425020,Avenida Contorno,,Parque Sol Nascente,3873,27
77425030,Rua S-001,,Parque Sol Nascente,3873,27
77425040,Rua S-003,,Parque Sol Nascente,3873,27
77425050,Rua S-005,,Parque Sol Nascente,3873,27
77425060,Rua S-007,,Parque Sol Nascente,3873,27
77425070,Rua S-009,,Parque Sol Nascente,3873,27
77425080,Rua S-011,,Parque Sol Nascente,3873,27
77425090,Rua S-013,,Parque Sol Nascente,3873,27
77425100,Rua S-015,,Parque Sol Nascente,3873,27
77425110,Rua S-004,,Parque Sol Nascente,3873,27
77425120,Rua S-006,,Parque Sol Nascente,3873,27
77425130,Rua S-008,,Parque Sol Nascente,3873,27
77425150,Rua S-012,,Parque Sol Nascente,3873,27
77425160,Rua S-014,,Parque Sol Nascente,3873,27
77425170,Rua S-016,,Parque Sol Nascente,3873,27
77425180,Rua S-018,,Parque Sol Nascente,3873,27
77425190,Rua S-020,,Parque Sol Nascente,3873,27
77425200,Rua S-022,,Parque Sol Nascente,3873,27
77425210,Rua S-024,,Parque Sol Nascente,3873,27
77425220,Rua Raquel Rocha,,Alto da Boa Vista,3873,27
77425230,Rua Moisés S. do Prado,,Alto da Boa Vista,3873,27
77425240,Rua José de Oliveira,,Alto da Boa Vista,3873,27
77425250,Avenida Honorinha Alves Furtado,,Alto da Boa Vista,3873,27
77425260,Rua José Simão Correia,,Alto da Boa Vista,3873,27
77425270,Rua Messias da Silveira,,Alto da Boa Vista,3873,27
77425280,Rua Joaquim F. Lopes,,Alto da Boa Vista,3873,27
77425290,Rua Manoel A. Reis,,Alto da Boa Vista,3873,27
77425295,Rua Antonio Nunes da Silva,,Alto da Boa Vista,3873,27
77425300,Rua Horácio Joaquim Lemes,,Alto da Boa Vista,3873,27
77425310,Rua Daniela Oliveira Ribeiro,,Alto da Boa Vista,3873,27
77425320,Rua S-002,,Jardim Eldorado,3873,27
77425330,Avenida S,,Jardim Eldorado,3873,27
77425345,Rua José Luiz Filho,,Alto da Boa Vista,3873,27
77425350,Avenida Lenival Correia Ferreira,,Alto da Boa Vista,3873,27
77425360,Rua João Oscar,,Alto da Boa Vista,3873,27
77425370,Rua Edson Vieira dos Santos,,Alto da Boa Vista,3873,27
77425375,Rua Oeste,,Alto da Boa Vista,3873,27
77425380,Rua André Faria dos Santos,,Alto da Boa Vista,3873,27
77425390,Rua Antônio Ricardo Medeiros,,Alto da Boa Vista,3873,27
77425410,Rua João de Brito,,Alto da Boa Vista,3873,27
77425415,Rua Afrízio da Costa Aguiar,,Alto da Boa Vista,3873,27
77425420,Rua Antônio P. Costa,,Alto da Boa Vista,3873,27
77425500,Avenida Antonio Nunes da Silva,,Residencial Parque das Acácias,3873,27
77425520,Rua A-07,,Residencial Parque das Acácias,3873,27
77425530,Rua A-05,,Residencial Parque das Acácias,3873,27
77425540,Alameda Central,,Residencial Parque das Acácias,3873,27
77425550,Rua A-03,,Residencial Parque das Acácias,3873,27
77425560,Rua A-04,,Residencial Parque das Acácias,3873,27
77425570,Rua A-01,,Residencial Parque das Acácias,3873,27
77425580,Alameda Norte,,Residencial Parque das Acácias,3873,27
77425590,Alameda Leste,,Residencial Parque das Acácias,3873,27
77425600,Rua A-10,,Residencial Parque das Acácias,3873,27
77425610,Rua A-08,,Residencial Parque das Acácias,3873,27
77425620,Rua A-06,,Residencial Parque das Acácias,3873,27
77425630,Avenida Flamboyant,,Residencial Parque das Acácias,3873,27
77425650,Avenida das Acácias,,Residencial Parque das Acácias,3873,27
77425660,Rua A-02,,Residencial Parque das Acácias,3873,27
77425670,Alameda Oeste,,Residencial Parque das Acácias,3873,27
77426002,Rua Antonio Nunes da Silva,,Residencial Park dos Buritis,3873,27
77426004,Avenida B,,Residencial Park dos Buritis,3873,27
77426006,Rua A3,,Residencial Park dos Buritis,3873,27
77426008,Avenida A,,Residencial Park dos Buritis,3873,27
77426010,Rua A2,,Residencial Park dos Buritis,3873,27
77426012,Rua A4,,Residencial Park dos Buritis,3873,27
77426014,Rua B1,,Residencial Park dos Buritis,3873,27
77426016,Rua A5,,Residencial Park dos Buritis,3873,27
77426018,Rua A6,,Residencial Park dos Buritis,3873,27
77426020,Avenida Castelo Branco,,Residencial Park dos Buritis,3873,27
77426022,Rua A7,,Residencial Park dos Buritis,3873,27
77426024,Rua A8,,Residencial Park dos Buritis,3873,27
77426026,Rua A9,,Residencial Park dos Buritis,3873,27
77426028,Avenida C,,Residencial Park dos Buritis,3873,27
77426030,Rua A1,,Residencial Park dos Buritis,3873,27
77426034,Rua A11,,Residencial Park dos Buritis,3873,27
77426036,Rua A12,,Residencial Park dos Buritis,3873,27
77426038,Rua A13,,Residencial Park dos Buritis,3873,27
77426040,Rua A14,,Residencial Park dos Buritis,3873,27
77426042,Rua C1,,Residencial Park dos Buritis,3873,27
77426044,Rua C2,,Residencial Park dos Buritis,3873,27
77426046,Rua C3,,Residencial Park dos Buritis,3873,27
77426048,Rua C4,,Residencial Park dos Buritis,3873,27
77426050,Rua C5,,Residencial Park dos Buritis,3873,27
77426052,Rua D7,,Residencial Park dos Buritis,3873,27
77426054,Avenida D,,Residencial Park dos Buritis,3873,27
77426056,Rua F8,,Residencial Park dos Buritis,3873,27
77426058,Rua D1,,Residencial Park dos Buritis,3873,27
77426060,Rua D2,,Residencial Park dos Buritis,3873,27
77426062,Avenida Contorno,,Residencial Park dos Buritis,3873,27
77426064,Rua D3,,Residencial Park dos Buritis,3873,27
77426066,Rua D4,,Residencial Park dos Buritis,3873,27
77426068,Rua D5,,Residencial Park dos Buritis,3873,27
77426070,Rua D6,,Residencial Park dos Buritis,3873,27
77426072,Avenida E,,Residencial Park dos Buritis,3873,27
77426074,Rua F1,,Residencial Park dos Buritis,3873,27
77426076,Rua F2,,Residencial Park dos Buritis,3873,27
77426078,Rua F3,,Residencial Park dos Buritis,3873,27
77426080,Rua F4,,Residencial Park dos Buritis,3873,27
77426082,Avenida F,,Residencial Park dos Buritis,3873,27
77426084,Rua F5,,Residencial Park dos Buritis,3873,27
77426086,Rua F6,,Residencial Park dos Buritis,3873,27
77426088,Rua F7,,Residencial Park dos Buritis,3873,27
77426102,Rua da Antonio Nunes Silva,,Loteamento Campo Bello,3873,27
77426104,Rua 1,,Loteamento Campo Bello,3873,27
77426108,Rua 3,,Loteamento Campo Bello,3873,27
77426110,Rua 4,,Loteamento Campo Bello,3873,27
77426112,Avenida 5,,Loteamento Campo Bello,3873,27
77426114,Rua 6,,Loteamento Campo Bello,3873,27
77426116,Rua 7,,Loteamento Campo Bello,3873,27
77426118,Rua 8,,Loteamento Campo Bello,3873,27
77426120,Rua 9,,Loteamento Campo Bello,3873,27
77426122,Rua 10,,Loteamento Campo Bello,3873,27
77426124,Rua A,,Loteamento Campo Bello,3873,27
77426126,Avenida dos Esportes,,Loteamento Campo Bello,3873,27
77426128,Rua B,,Loteamento Campo Bello,3873,27
77426130,Avenida Araguaia,,Loteamento Campo Bello,3873,27
77426132,Rua C,,Loteamento Campo Bello,3873,27
77426134,Rua 1A,,Loteamento Campo Bello,3873,27
77426136,Rua 2A,,Loteamento Campo Bello,3873,27
77426138,Rua 3A,,Loteamento Campo Bello,3873,27
77426140,Rua 5A,,Loteamento Campo Bello,3873,27
77426142,Rua 6A,,Loteamento Campo Bello,3873,27
77426144,Rua 7A,,Loteamento Campo Bello,3873,27
77426146,Rua 8A,,Loteamento Campo Bello,3873,27
77430010,Avenida Planalto,,Jardim Medeiros,3873,27
77430020,Rua 27,,Jardim Medeiros,3873,27
77430030,Rua 29,,Jardim Medeiros,3873,27
77430040,Rua 31,,Jardim Medeiros,3873,27
77430050,Rua 33,,Jardim Medeiros,3873,27
77430060,Rua 24,,Jardim Medeiros,3873,27
77430070,Rua 26,,Jardim Medeiros,3873,27
77430080,Rua 28,,Jardim Medeiros,3873,27
77430090,Rua 30,,Jardim Medeiros,3873,27
77430100,Rua 35,,Jardim Medeiros,3873,27
77430110,Rua 37,,Jardim Medeiros,3873,27
77430120,Rua 39,,Jardim Medeiros,3873,27
77430130,Rua 32,,Jardim Medeiros,3873,27
77430140,Rua 34,,Jardim Medeiros,3873,27
77430150,Rua 36,,Jardim Medeiros,3873,27
77430160,Rua L-002,,Jardim Medeiros,3873,27
77430170,Rua L-004,,Jardim Medeiros,3873,27
77430180,Rua L-006,,Jardim Medeiros,3873,27
77430190,Rua L-008,,Jardim Medeiros,3873,27
77430200,Rua L-010,,Jardim Medeiros,3873,27
77430210,Rua L-012,,Jardim Medeiros,3873,27
77430220,Rua 13,,Chácara Recreios Irmãos Ferreira,3873,27
77430230,Rua 23,,Chácara Recreios Irmãos Ferreira,3873,27
77430240,Rua 33,,Chácara Recreios Irmãos Ferreira,3873,27
77430250,Rua 43,,Chácara Recreios Irmãos Ferreira,3873,27
77430260,Rua 53,,Chácara Recreios Irmãos Ferreira,3873,27
77430270,Avenida das Nações,,Residencial Jardim dos Buritis,3873,27
77430280,Avenida dos Estados,,Residencial Jardim dos Buritis,3873,27
77430290,Rua 100,,Residencial Jardim dos Buritis,3873,27
77430300,Rua 101,,Residencial Jardim dos Buritis,3873,27
77430310,Rua 102,,Residencial Jardim dos Buritis,3873,27
77430320,Rua 302,,Residencial Jardim dos Buritis,3873,27
77430330,Rua 103,,Residencial Jardim dos Buritis,3873,27
77430340,Rua 104,,Residencial Jardim dos Buritis,3873,27
77430350,Rua 300,,Residencial Jardim dos Buritis,3873,27
77430360,Rua 320,,Residencial Jardim dos Buritis,3873,27
77430370,Rua 321,,Residencial Jardim dos Buritis,3873,27
77430380,Rua 322,,Residencial Jardim dos Buritis,3873,27
77430390,Rua 323,,Residencial Jardim dos Buritis,3873,27
77430400,Rua 324,,Residencial Jardim dos Buritis,3873,27
77430410,Rua 211,,Residencial Jardim dos Buritis,3873,27
77430420,Rua 212,,Residencial Jardim dos Buritis,3873,27
77430430,Rua 213,,Residencial Jardim dos Buritis,3873,27
77430440,Rua 214,,Residencial Jardim dos Buritis,3873,27
77430450,Rua 215,,Residencial Jardim dos Buritis,3873,27
77430460,Rua 216,,Residencial Jardim dos Buritis,3873,27
77430465,Rua 116,(JARDIM DOS BURUTIS),Residencial Jardim dos Buritis,3873,27
77430470,Rua 217,,Residencial Jardim dos Buritis,3873,27
77430480,Rua 218,,Residencial Jardim dos Buritis,3873,27
77430490,Rua 301,,Residencial Jardim dos Buritis,3873,27
77430500,Rua 303,,Residencial Jardim dos Buritis,3873,27
77430510,Rua 304,,Residencial Jardim dos Buritis,3873,27
77430530,Rua 306,,Residencial Jardim dos Buritis,3873,27
77430540,Rua 307,,Residencial Jardim dos Buritis,3873,27
77430550,Rua 308,,Residencial Jardim dos Buritis,3873,27
77430560,Rua 309,,Residencial Jardim dos Buritis,3873,27
77430570,Rua 310,,Residencial Jardim dos Buritis,3873,27
77430580,Rua 311,,Residencial Jardim dos Buritis,3873,27
77430590,Rua 312,,Residencial Jardim dos Buritis,3873,27
77430600,Rua 313,,Residencial Jardim dos Buritis,3873,27
77430610,Rua 314,,Residencial Jardim dos Buritis,3873,27
77430620,Rua 315,,Residencial Jardim dos Buritis,3873,27
77430630,Rua 316,,Residencial Jardim dos Buritis,3873,27
77430640,Rua 317,,Residencial Jardim dos Buritis,3873,27
77430650,Rua 318,,Residencial Jardim dos Buritis,3873,27
77430660,Rua 319,,Residencial Jardim dos Buritis,3873,27
77430670,Rua 105,,Residencial Jardim dos Buritis,3873,27
77430680,Rua 106,,Residencial Jardim dos Buritis,3873,27
77430690,Rua 107,,Residencial Jardim dos Buritis,3873,27
77430700,Rua 108,,Residencial Jardim dos Buritis,3873,27
77430710,Rua 109,,Residencial Jardim dos Buritis,3873,27
77430720,Rua 110,,Residencial Jardim dos Buritis,3873,27
77430730,Rua 111,,Residencial Jardim dos Buritis,3873,27
77430740,Rua 112,,Residencial Jardim dos Buritis,3873,27
77430750,Rua 113,,Residencial Jardim dos Buritis,3873,27
77430760,Rua 114,,Residencial Jardim dos Buritis,3873,27
77433010,Rua K,,Vila Pedroso,3873,27
77433020,Rua L,,Vila Pedroso,3873,27
77433030,Rua M,,Vila Pedroso,3873,27
77433040,Rua N,,Vila Pedroso,3873,27
77433050,Avenida Dueré,,Vila Pedroso,3873,27
77433060,Rua Perimetral Norte,,Vila Pedroso,3873,27
77433070,Rua Perimetral Oeste,,Vila Pedroso,3873,27
77433080,Rua 7,,Trevo Oeste,3873,27
77433090,Rua 7-A,,Trevo Oeste,3873,27
77433100,Avenida Roraima,,Trevo Oeste,3873,27
77433110,Rua 5-A,,Trevo Oeste,3873,27
77433120,Rua 7-C,,Trevo Oeste,3873,27
77433130,Rua 7-D,,Trevo Oeste,3873,27
77433150,Rua 7-G,,Trevo Oeste,3873,27
77433160,Rua 7-H,,Trevo Oeste,3873,27
77433170,Rua E,,Trevo Oeste,3873,27
77433180,Rua 7-F,,Trevo Oeste,3873,27
77433185,Avenida Sergipe,,Trevo Oeste,3873,27
77433190,Rua A,,Jardim São Lucas,3873,27
77433197,Rua 10,,Jardim São Lucas,3873,27
77433200,Rua B,,Jardim São Lucas,3873,27
77433205,Rua Senador Pedro Luduvico,- até 99/100,Jardim São Lucas,3873,27
77433210,Rua C,,Jardim São Lucas,3873,27
77433213,Avenida Roraima,,Jardim São Lucas,3873,27
77433215,Rua Engenheiro Bernardo Sayão,,Jardim São Lucas,3873,27
77433220,Rua D,,Jardim São Lucas,3873,27
77433225,Rua Deputado de Jose Assis,- de 119/120 a 298/299,Jardim São Lucas,3873,27
77433230,Rua F,,Jardim São Lucas,3873,27
77433240,Rua G,,Jardim São Lucas,3873,27
77433245,Rua I,,Jardim São Lucas,3873,27
77433250,Rua H,,Jardim São Lucas,3873,27
77433260,Rua I,,Jardim Paulicéia,3873,27
77433270,Avenida Fernando de Noronha,,Jardim Paulicéia,3873,27
77433280,Rua 19,,Jardim Paulicéia,3873,27
77433290,Rua 20,,Jardim Paulicéia,3873,27
77433295,Rua C,,Jardim Paulicéia,3873,27
77433300,Rua Delfino B. Aguiar,,Jardim Paulicéia,3873,27
77433304,Rua Perimetral Sul,,Jardim Paulicéia,3873,27
77433320,Rua A,,Jardim Tropical,3873,27
77433330,Rua B,,Jardim Tropical,3873,27
77433340,Rua C,,Jardim Tropical,3873,27
77433350,Rua D,,Jardim Tropical,3873,27
77433355,Rua do Sol,,Jardim Tropical,3873,27
77433360,Rua E,,Jardim Tropical,3873,27
77433362,Rua 25,,Jardim Tropical,3873,27
77433365,Avenida K,,Jardim Tropical,3873,27
77433370,Rua F,,Jardim Tropical,3873,27
77433375,Avenida de Fernando Noronha,,Jardim Tropical,3873,27
77433380,Rua G,,Jardim Tropical,3873,27
77433385,Rua H,,Jardim Tropical,3873,27
77433390,Rua N,,Jardim Tropical,3873,27
77433393,Rua Praia,,Jardim Tropical,3873,27
77433400,Rua O,,Jardim Tropical,3873,27
77433410,Rua J,,Jardim Tropical,3873,27
77433420,Avenida L,,Jardim Tropical,3873,27
77433425,Rua 2,,Jardim Tropical,3873,27
77433430,Rua M,,Jardim Tropical,3873,27
77433440,Rua P,,Jardim Tropical,3873,27
77433450,Rua Q,,Jardim Tropical,3873,27
77433460,Rua R,,Jardim Tropical,3873,27
77433465,Rua 1,,Jardim Tropical,3873,27
77433470,Rua S,,Jardim Tropical,3873,27
77433475,Rua 03,,Jardim Tropical,3873,27
77433477,Rua 4,,Jardim Tropical,3873,27
77433479,Rua 5,,Jardim Tropical,3873,27
77433480,Rua T,,Jardim Tropical,3873,27
77433482,Avenida Perimetral Sul,,Jardim Tropical,3873,27
77433483,Rua 7,,Jardim Tropical,3873,27
77433485,Rua 6,,Jardim Tropical,3873,27
77433487,Rua Perimetral Sul,,Jardim Tropical,3873,27
77433490,Rua U,,Jardim Tropical,3873,27
77433500,Rua Perimetral Leste,,Vila Pedroso,3873,27
77433510,Rua Perimetral Sul,,Vila Pedroso,3873,27
77433520,Rua A,,Vila Pedroso,3873,27
77433530,Rua B,,Vila Pedroso,3873,27
77433540,Rua C,,Vila Pedroso,3873,27
77433550,Rua D,,Vila Pedroso,3873,27
77433560,Rua E,,Vila Pedroso,3873,27
77433570,Rua F,,Vila Pedroso,3873,27
77433580,Rua G,,Vila Pedroso,3873,27
77433590,Rua H,,Vila Pedroso,3873,27
77433600,Rua I,,Vila Pedroso,3873,27
77433610,Rua J,,Vila Pedroso,3873,27
77433650,Avenida Dueré,,Vila Independência,3873,27
77433652,Rua A,,Vila Independência,3873,27
77433654,Rua B,,Vila Independência,3873,27
77433656,Rua C,,Vila Independência,3873,27
77433658,Rua D,,Vila Independência,3873,27
77433660,Rua E,,Vila Independência,3873,27
77433662,Rua F,,Vila Independência,3873,27
77433666,Rua H,,Vila Independência,3873,27
77433668,Rua I,,Vila Independência,3873,27
77433670,Rua J,,Vila Independência,3873,27
77434001,Rua 33,,Loteamento Residencial João Lisboa da Cruz,3873,27
77434003,Rua de Manoel Martins França Filho,,Loteamento Residencial João Lisboa da Cruz,3873,27
77434005,Rua Francisca Jose dos Santos,,Loteamento Residencial João Lisboa da Cruz,3873,27
77434007,Rua da João Fonseca Lemos,,Loteamento Residencial João Lisboa da Cruz,3873,27
77434009,Rua Kleiton Bispo de Deus,,Loteamento Residencial João Lisboa da Cruz,3873,27
77434013,Avenida Dueré,,Loteamento Residencial João Lisboa da Cruz,3873,27
77434015,Rua Daniel Noia Amorim,,Loteamento Residencial João Lisboa da Cruz,3873,27
77434017,Rua Nonato Miranda Ribeiro,,Loteamento Residencial João Lisboa da Cruz,3873,27
77434019,Rua dos Josina Pereira Santos,,Loteamento Residencial João Lisboa da Cruz,3873,27
77434021,Rua Odilon Pinto Botelho,,Loteamento Residencial João Lisboa da Cruz,3873,27
77434023,Rua Iracy Carreio de Souza Alves,,Loteamento Residencial João Lisboa da Cruz,3873,27
77434025,Rua da Izabel Maria Silva,,Loteamento Residencial João Lisboa da Cruz,3873,27
77434027,Praça dos Girassóis,,Loteamento Residencial João Lisboa da Cruz,3873,27
77434029,Rua da Raimundo Luz Silva,,Loteamento Residencial João Lisboa da Cruz,3873,27
77434031,Rua Filisberto Fernandes Soares,,Loteamento Residencial João Lisboa da Cruz,3873,27
77434033,Rua Raimundo Nonato da Silva Noleto,,Loteamento Residencial João Lisboa da Cruz,3873,27
77434035,Rua Albery Arruda,,Loteamento Residencial João Lisboa da Cruz,3873,27
77434037,Rua Marcolino Pinto Nogueira,,Loteamento Residencial João Lisboa da Cruz,3873,27
77434039,Rua da Alberto Oliveira Silva,,Loteamento Residencial João Lisboa da Cruz,3873,27
77435010,Rua C-001,,Setor Canaã,3873,27
77435020,Rua C-002,,Setor Canaã,3873,27
77435030,Rua C-003,,Setor Canaã,3873,27
77435050,Rua C-005,,Setor Canaã,3873,27
77435060,Rua C-006,,Setor Canaã,3873,27
77435068,Rua C-009,,Setor Canaã,3873,27
77435070,Rua C-007,,Setor Canaã,3873,27
77435072,Rua C-010,,Setor Canaã,3873,27
77435074,Rua C-011,,Setor Canaã,3873,27
77435076,Rua C-012,,Setor Canaã,3873,27
77435078,Rua C-013,,Setor Canaã,3873,27
77435080,Rua C-008,,Setor Canaã,3873,27
77435082,Rua C-014,,Setor Canaã,3873,27
77435084,Rua C-015,,Setor Canaã,3873,27
77435086,Rua C-016,,Setor Canaã,3873,27
77435088,Rua C-017,,Setor Canaã,3873,27
77435090,Avenida Espírito Santo,,Setor Canaã,3873,27
77435092,Rua C-018,,Setor Canaã,3873,27
77435094,Rua C-019,,Setor Canaã,3873,27
77435096,Rua C-020,,Setor Canaã,3873,27
77435098,Rua C-021,,Setor Canaã,3873,27
77435100,Avenida Rio de Janeiro,,Setor Canaã,3873,27
77435102,Rua C-022,,Setor Canaã,3873,27
77435105,Rua da Antonio Carlos Costa,,Setor Canaã,3873,27
77435110,Avenida Guanabara,,Setor Canaã,3873,27
77435121,Rua S-001,,Setor Morada do Sol,3873,27
77435125,Rua S-003,,Setor Morada do Sol,3873,27
77435130,Rua VS-002,,Setor Morada do Sol,3873,27
77435135,Rua S-005,,Setor Morada do Sol,3873,27
77435140,Rua VS-003,,Setor Morada do Sol,3873,27
77435145,Rua S-007,,Setor Morada do Sol,3873,27
77435150,Rua VS-004,,Setor Morada do Sol,3873,27
77435155,Rua S-009,,Setor Morada do Sol,3873,27
77435160,Rua VS-005,,Setor Morada do Sol,3873,27
77435165,Rua S-011,,Setor Morada do Sol,3873,27
77435170,Rua VS-006,,Setor Morada do Sol,3873,27
77435175,Rua S-013,,Setor Morada do Sol,3873,27
77435180,Rua VS-007,,Setor Morada do Sol,3873,27
77435190,Rua VS-009,,Setor Morada do Sol,3873,27
77435195,Rua S-022,,Setor Morada do Sol,3873,27
77435200,Rua VS-010,,Setor Morada do Sol,3873,27
77435205,Rua S-023,,Setor Morada do Sol,3873,27
77435210,Rua VS-011,,Setor Morada do Sol,3873,27
77435215,Avenida Humberto Alencar Castelo Branco,,Setor Morada do Sol,3873,27
77435220,Rua VS-012,,Setor Morada do Sol,3873,27
77435225,Avenida Contorno,,Setor Morada do Sol,3873,27
77435230,Rua C-009,,Setor Morada do Sol,3873,27
77435240,Rua C-010,,Setor Morada do Sol,3873,27
77435250,Rua C-011,,Setor Morada do Sol,3873,27
77435260,Rua C-012,,Setor Morada do Sol,3873,27
77435270,Rua C-013,,Setor Morada do Sol,3873,27
77435280,Rua C-014,,Setor Morada do Sol,3873,27
77435290,Rua C-015,,Setor Morada do Sol,3873,27
77435300,Rua C-016,,Setor Morada do Sol,3873,27
77435310,Rua C-017,,Setor Morada do Sol,3873,27
77435320,Rua C-018,,Setor Morada do Sol,3873,27
77435330,Rua C-019,,Setor Morada do Sol,3873,27
77435350,Rua C-021,,Setor Morada do Sol,3873,27
77435360,Rua C-022,,Setor Morada do Sol,3873,27
77439800,Avenida 9,,Jardim da Luz,3873,27
77439805,Rua 23,,Jardim da Luz,3873,27
77439810,Rua 24,,Jardim da Luz,3873,27
77439815,Rua 25,,Jardim da Luz,3873,27
77439820,Rua 26,,Jardim da Luz,3873,27
77439825,Rua 27,,Jardim da Luz,3873,27
77439830,Rua 28,,Jardim da Luz,3873,27
77439835,Rua 29,,Jardim da Luz,3873,27
77439840,Rua 19,,Jardim da Luz,3873,27
77439850,Rua 10,,Jardim da Luz,3873,27
77440010,Avenida 1,,Jardim Tocantins,3873,27
77440020,Avenida 2,,Jardim Tocantins,3873,27
77440030,Avenida 3,,Jardim Tocantins,3873,27
77440040,Avenida 4,,Jardim Tocantins,3873,27
77440050,Avenida 5,,Jardim Tocantins,3873,27
77440060,Avenida 6,,Jardim Tocantins,3873,27
77440070,Avenida Goiás,,Jardim Tocantins,3873,27
77440080,Avenida 9,,Jardim Tocantins,3873,27
77440090,Rua 1,,Jardim Tocantins,3873,27
77440100,Rua 2,,Jardim Tocantins,3873,27
77440110,Rua 3,,Jardim Tocantins,3873,27
77440120,Rua 4,,Jardim Tocantins,3873,27
77440130,Rua 5,,Jardim Tocantins,3873,27
77440140,Rua 6,,Jardim Tocantins,3873,27
77440150,Rua 7,,Jardim Tocantins,3873,27
77440160,Rua 8,,Jardim Tocantins,3873,27
77440170,Rua 11,,Jardim Tocantins,3873,27
77440180,Rua 12,,Jardim Tocantins,3873,27
77440190,Rua 13,,Jardim Tocantins,3873,27
77440200,Rua 14,,Jardim Tocantins,3873,27
77440210,Rua 15,,Jardim Tocantins,3873,27
77440220,Rua 16,,Jardim Tocantins,3873,27
77440230,Rua 17,,Jardim Tocantins,3873,27
77440240,Rua 18,,Jardim Tocantins,3873,27
77440250,Rua 19,,Jardim Tocantins,3873,27
77440260,Rua 20,,Jardim Tocantins,3873,27
77440270,Rua 21,,Jardim Tocantins,3873,27
77440280,Rua 22,,Jardim Tocantins,3873,27
77440290,Rua São Bernardo,,Parque Residencial São José,3873,27
77440300,Rua Santo Antônio de Pádua,,Parque Residencial São José,3873,27
77440310,Rua São José de Ribamar,,Parque Residencial São José,3873,27
77440320,Rua São Francisco de Assis,,Parque Residencial São José,3873,27
77440330,Rua Santo Inácio de Loyola,,Parque Residencial São José,3873,27
77440340,Avenida Santos Dumont,,Parque Residencial São José,3873,27
77440350,Rua Santa Luzia,,Parque Residencial São José,3873,27
77440360,Rua Santa Matilde,,Parque Residencial São José,3873,27
77440370,Rua Santa Rita de Cássia,,Parque Residencial São José,3873,27
77440380,Rua Santa Teresinha,,Parque Residencial São José,3873,27
77440390,Rua Santa Cecília,,Parque Residencial São José,3873,27
77440400,Rua Santa Genoveva,,Parque Residencial São José,3873,27
77440410,Rua Santa Inês,,Parque Residencial São José,3873,27
77440420,Rua Santa Bárbara,,Parque Residencial São José,3873,27
77440430,Avenida Aeroporto,,Setor Aeroporto II,3873,27
77440435,Avenida Brasil,,Setor Aeroporto II,3873,27
77440440,Rua Perimetral Norte,,Setor Aeroporto II,3873,27
77440450,Rua 1,,Setor Aeroporto II,3873,27
77440460,Rua 2,,Setor Aeroporto II,3873,27
77440470,Rua 3,,Setor Aeroporto II,3873,27
77440480,Rua 4,,Setor Aeroporto II,3873,27
77440490,Rua 5,,Setor Aeroporto II,3873,27
77440500,Rua 6,,Setor Aeroporto II,3873,27
77440520,Rua 8,,Setor Aeroporto II,3873,27
77440530,Rua 9,,Setor Aeroporto II,3873,27
77440540,Rua 10,,Setor Aeroporto II,3873,27
77440550,Rua 11,,Setor Aeroporto II,3873,27
77440560,Rua 12,,Setor Aeroporto II,3873,27
77440570,Rua 13,,Setor Aeroporto II,3873,27
77440580,Rua 14,,Setor Aeroporto II,3873,27
77440590,Rua 15,,Setor Aeroporto II,3873,27
77440600,Rua 16,,Setor Aeroporto II,3873,27
77440610,Rua 20,,Setor Aeroporto II,3873,27
77440611,Avenida Goiás,,Setor Aeroporto II,3873,27
77440620,Avenida Santos Dumont,,Setor Aeroporto,3873,27
77440630,Avenida Perim,,Setor Aeroporto,3873,27
77440640,Avenida Franca,,Setor Aeroporto,3873,27
77440660,Rua A,,Setor Aeroporto,3873,27
77440670,Rua B,,Setor Aeroporto,3873,27
77440680,Rua C,,Setor Aeroporto,3873,27
77440690,Rua D,,Setor Aeroporto,3873,27
77440700,Rua E,,Setor Aeroporto,3873,27
77440710,Rua F,,Setor Aeroporto,3873,27
77440720,Rua G,,Setor Aeroporto,3873,27
77440730,Rua H,,Setor Aeroporto,3873,27
77440750,Rua 9,,Setor Aeroporto,3873,27
77440760,Rua 10,,Setor Aeroporto,3873,27
77440770,Avenida Goiás,,Setor Aeroporto,3873,27
77441002,Avenida Goiás,,Chácara Recreio Vale do Sol,3873,27
77441004,Rua VS 1,,Chácara Recreio Vale do Sol,3873,27
77441006,Rua VS 2,,Chácara Recreio Vale do Sol,3873,27
77441008,Rua VS 3,,Chácara Recreio Vale do Sol,3873,27
77441010,Rua VS 4,,Chácara Recreio Vale do Sol,3873,27
77441012,Rua VS 5,,Chácara Recreio Vale do Sol,3873,27
77441014,Rua VS 6,,Chácara Recreio Vale do Sol,3873,27
77441016,Rua VS 7,,Chácara Recreio Vale do Sol,3873,27
77441018,Rua VS 8,,Chácara Recreio Vale do Sol,3873,27
77441020,Rua VS 9,,Chácara Recreio Vale do Sol,3873,27
77441022,Rua VS 10,,Chácara Recreio Vale do Sol,3873,27
77441024,Rua VS 11,,Chácara Recreio Vale do Sol,3873,27
77441026,Rua VS 12,,Chácara Recreio Vale do Sol,3873,27
77441102,Avenida Goiás,,Jardim Boulivard,3873,27
77441104,Avenida Jatobá,,Jardim Boulivard,3873,27
77441106,Avenida Parque,,Jardim Boulivard,3873,27
77441108,Avenida dos Ipês,,Jardim Boulivard,3873,27
77441110,Alameda dos Açaís,,Jardim Boulivard,3873,27
77441112,Alameda das Acácias,,Jardim Boulivard,3873,27
77441114,Alameda das Orquídeas,,Jardim Boulivard,3873,27
77441116,Alameda dos Buritis,,Jardim Boulivard,3873,27
77441118,Alameda Mangabeira,,Jardim Boulivard,3873,27
77441120,Alameda Guariroba,,Jardim Boulivard,3873,27
77441122,Alameda Cambará,,Jardim Boulivard,3873,27
77441124,Alameda Sucupira,,Jardim Boulivard,3873,27
77441126,Alameda Quaresmeira,,Jardim Boulivard,3873,27
77441128,Alameda Macaúba,,Jardim Boulivard,3873,27
77441130,Alameda das Hortências,,Jardim Boulivard,3873,27
77441134,Alameda Bacaba,,Jardim Boulivard,3873,27
77441136,Alameda Canela,,Jardim Boulivard,3873,27
77441140,Alameda Jalapa,,Jardim Boulivard,3873,27
77441142,Alameda Pequizeiro,,Jardim Boulivard,3873,27
77441144,Alameda Algodão,,Jardim Boulivard,3873,27
77445010,Avenida Goiás,,Cidade Industrial,3873,27
77445020,Avenida Euclides da Cunha,,Cidade Industrial,3873,27
77445040,Avenida Castro Alves,,Cidade Industrial,3873,27
77445050,Avenida Rui Barbosa,,Cidade Industrial,3873,27
77445060,Avenida Humberto de Campos,,Cidade Industrial,3873,27
77445070,Avenida Presidente Tancredo Neves,,Cidade Industrial,3873,27
77445080,Avenida Érico Veríssimo,,Cidade Industrial,3873,27
77445090,Avenida Raimundo Correia,,Cidade Industrial,3873,27
77445100,Avenida José do Patrocínio,,Cidade Industrial,3873,27
77445110,Rua Manaus,,Cidade Industrial,3873,27
77445120,Rua Belém,,Cidade Industrial,3873,27
77445130,Rua Natal,,Cidade Industrial,3873,27
77445140,Rua Fortaleza,,Cidade Industrial,3873,27
77445150,Rua Recife,,Cidade Industrial,3873,27
77445160,Rua Uruguaiana,,Cidade Industrial,3873,27
77445170,Rua Ouro Preto,,Cidade Industrial,3873,27
77445180,Rua Monte Alegre,,Cidade Industrial,3873,27
77445190,Rua Olinda,,Cidade Industrial,3873,27
77445200,Rua Campina Grande,,Cidade Industrial,3873,27
77445210,Rua Uberaba,,Cidade Industrial,3873,27
77445220,Rua Uberlândia,,Cidade Industrial,3873,27
77445230,Rua Planaltina,,Cidade Industrial,3873,27
77445240,Rua Santarém,,Cidade Industrial,3873,27
77445250,Rua Lindóia,,Cidade Industrial,3873,27
77445260,Rua Aracaju,,Cidade Industrial,3873,27
77445270,Rua Porto Alegre,,Cidade Industrial,3873,27
77445280,Rua Humaitá,,Cidade Industrial,3873,27
77445290,Rua Porto Velho,,Cidade Industrial,3873,27
77445300,Rua Rio Negro,,Cidade Industrial,3873,27
77445320,Rua Petrolina,,Cidade Industrial,3873,27
77445330,Rua Diamantina,,Cidade Industrial,3873,27
77445340,Rua Caxambu,,Cidade Industrial,3873,27
77445350,Rua Araxá,,Cidade Industrial,3873,27
77445360,Rua Salvador,,Cidade Industrial,3873,27
77445370,Rua Pirapora,,Cidade Industrial,3873,27
77445380,Rua Cuiabá,,Cidade Industrial,3873,27
77445390,Rua São Luiz,,Cidade Industrial,3873,27
77445400,Rua Juiz de Fora,,Cidade Industrial,3873,27
77445410,Rua Rio Branco,,Cidade Industrial,3873,27
77445420,Rua Blumenau,,Cidade Industrial,3873,27
77445430,Rua Lins,,Cidade Industrial,3873,27
77445440,Rua Alvorada,,Cidade Industrial,3873,27
77445450,Rua Sorocaba,,Cidade Industrial,3873,27
77445460,Rua Itaguaí,,Cidade Industrial,3873,27
77445470,Rua Perimetral Norte,,Cidade Industrial,3873,27
77445480,Rua Perimetral Leste,,Cidade Industrial,3873,27
77445490,Praça Santo Antônio,,Cidade Industrial,3873,27
77445500,Via Primaria I,,Parque Industrial,3873,27
77445510,Via Primaria II,,Parque Industrial,3873,27
77445520,Via Primária III,,Parque Industrial,3873,27
77445530,Via Secundária I,,Parque Industrial,3873,27
77445540,Via Secundária II,,Parque Industrial,3873,27
77445550,Via Secundária III,,Parque Industrial,3873,27
77445560,Via Secundária IV,,Parque Industrial,3873,27
77445570,Via Secundária V,,Parque Industrial,3873,27
77445580,Via Secundária VI,,Parque Industrial,3873,27
77445590,Via Eixo Principal,,Parque Industrial,3873,27
77449000,,,Crixás,3873,27
77450000,,,,4737,27
77450970,Avenida C 596,,Setor Central,4737,27
77450971,"Avenida Principal, s/n",,Setor Central,4737,27
77453000,,,,2136,27
77453970,"Avenida Bernardo Sayão, s/n",,Setor Central,2136,27
77455000,,,,212,27
77455970,Rua David Araújo 300,,Setor Central,212,27
77458000,,,,9468,27
77458970,"Avenida Ipê, s/n",,Setor Central,9468,27
77460000,,,,6861,27
77460970,"Avenida 4, s/n Quadra 20 Lote 1",,Setor Central,6861,27
77462970,Praça Mestre Ananias 568,,Setor Central,6861,27
77463000,,,,2794,27
77463970,"Rua 2, s/n",,Setor Central,2794,27
77465000,,,,3406,27
77465970,Rua 18 70,,Setor Central,3406,27
77470000,,,,3476,27
77470970,Avenida Rio Formoso 664,,Setor Central,3476,27
77475000,,,,547,27
77475970,Rua João Ferreira 238,,Setor Central,547,27
77478000,,,,7991,27
77478970,"Avenida Ulisses Guimarães, s/n",,Setor Central,7991,27
77480000,,,,318,27
77480970,Rua David Araújo 300,,Setor Central,318,27
77483000,,,,9539,27
77483970,Avenida Rio Araguaia 109,,Setor Central,9539,27
77485000,,,,3089,27
77485970,Rua Pinheiro Barros 221,,Setor Central,3089,27
77490000,,,,2775,27
77490970,Rua 22 de Maio 106,,Setor Central,2775,27
77493000,,,,4954,27
77493970,Avenida Viturino Panta 8 Quadra 5 Sala 1,,Setor Central,4954,27
77495000,,,,6211,27
77495970,Rua 22 de Abril 27,,Setor Central,6211,27
77500000,,,,7316,27
77500970,Praça do Centenário 1944,,Setor Central,7316,27
77553000,,,,4237,27
77553970,"Avenida Santo Antônio, S/N Quadra 32 Lote 3",,Setor Central,4237,27
77555000,,,,3316,27
77555970,Rua Uberlândia 77,,Setor Central,3316,27
77558000,,,,6360,27
77558970,"Avenida Bernardo Sayão, s/n",,Setor Central,6360,27
77560000,,,,1467,27
77560970,Rua Pedro Ludovico 1 Quadra 6 Loja A,,Setor Central,1467,27
77565000,,,,8269,27
77565970,Avenida Vereador Antônio Valeriano Pinto 126,,Setor Central,8269,27
77570000,,,,7130,27
77570970,"Avenida Tocantins, s/n",,Setor Central,7130,27
77575000,,,,2368,27
77575970,"Avenida Principal, s/n Quadra 02 Lote 01",,Setor Central,2368,27
77580000,,,,9377,27
77580970,Avenida Sexta Avenida 10,,Setor Central,9377,27
77585000,,,,5811,27
77585970,Rua Cônego Trindade 515,,Setor Central,5811,27
77590000,,,,7232,27
77590970,"Avenida 6, s/n",,Setor Central,7232,27
77593000,,,,5551,27
77593970,Rua Maranhão 12 Quadra 23,,Setor Central,5551,27
77593980,"Rua Mateiros, s/n",,Setor Central,5551,27
77600000,,,,6598,27
77600970,Rua Tapajós 573,,Setor Central,6598,27
77603000,,,,7455,27
77603970,Rua Piauí 177,,Setor Central,7455,27
77605000,,,,8546,27
77605970,Avenida Teotônio Segurado 3 Quadra 36,,Setor Central,8546,27
77610000,,,,6243,27
77610970,"Avenida Primeiro de Maio, s/n",,Setor Central,6243,27
77613000,,,,4998,27
77613970,Avenida Rio Preto 210,,Setor Central,4998,27
77615000,,,,8311,27
77615970,"Praça Cinco de Janeiro, s/n",,Setor Central,8311,27
77620000,,,,484,27
77620970,Avenida Sancha Lima Tavares 02 Quadra 51,,Setor Central,484,27
77630000,,,,5189,27
77630970,"Praça de Lizarda M. Freitas, s/n",,Setor Central,5189,27
77635000,,,,7824,27
77635970,Avenida Colegial 161,,Setor Pioneiro,7824,27
77640000,,,,9754,27
77640970,Rua Jacinto Pereira 165,,Setor Central,9754,27
77645000,,,,5043,27
77645970,Avenida Justiniano Monteiro 2076,,Setor Central,5043,27
77650000,,,,5674,27
77654970,Travessa Pedro Teixeira 516,,Setor Central,5674,27
77655000,,,,7777,27
77655970,Avenida Bernardo Sayão 115,,Setor Central,7777,27
77660000,,,,5701,27
77660970,Avenida Bernardo Sayão 534,,Setor Central,5701,27
77665000,,,,1029,27
77665970,Avenida Bernardo Sayão 200,,Setor Central,1029,27
77670000,,,,2990,27
77670970,Avenida Codespar 808,,Setor Central,2990,27
77673000,,,,5832,27
77673970,"Avenida Codespar, s/n",,Setor Central,5832,27
77675000,,,,5457,27
77675970,"Avenida Água Boa, s/n",,Setor Central,5457,27
77680000,,,,2212,27
77680970,Avenida Trajano de Almeida 41,,Setor Central,2212,27
77683000,,,Aragaçuí,2212,27
77685000,,,,3002,27
77685970,Avenida Brasil 5,,Setor Central,3002,27
77690000,,,,546,27
77690970,Rua Rui Barbosa 435,,Setor Central,546,27
77693000,,,,24,27
77693970,"Avenida de João Francisco Abreu, s/n",,Setor Central,24,27
77695000,,,,3666,27
77695970,Avenida Tiradente 398,,Setor Central,3666,27
77700000,,,,3796,27
77700970,Avenida Bernardo Sayão 1854,,Setor Central,3796,27
77702000,,,Mirandópolis,3796,27
77704000,,,,9905,27
77704970,Rua João Batista Magalhães 7,,Setor Central,9905,27
77707980,Avenida Principal,,Setor Central,9905,27
77708000,,,,10617,27
77708970,"Rua Pedro Ludovico, s/n",,Setor Central,10617,27
77710000,,,,6838,27
77710970,Rua Getúlio Vargas 965,,Setor Central,6838,27
77712000,,,Anajanópolis,6838,27
77712980,"Rua Tocantins, s/n",,Setor Central,6838,27
77714000,,,,1329,27
77715970,"Avenida Tocantins, s/n",,Setor Central,1329,27
77716000,,,,8180,27
77716970,Rua 10 10,,Setor Central,8180,27
77718000,,,,4457,27
77718970,Avenida Tocantins 92,,Setor Central,4457,27
77720000,,,,4309,27
77720970,"Avenida Presidente Dutra, s/n",,Setor Central,4309,27
77723000,,,,2311,27
77723970,Avenida Ulisses Guimarães 229,,Setor Central,2311,27
77725000,,,,2483,27
77725970,Avenida Longuinho Vieira Júnior 781,,Setor Central,2483,27
77730000,,,,6895,27
77730970,Avenida Salgado Filho 1247,,Setor Central,6895,27
77733000,,,,7574,27
77733970,Rua José Tavares 124,,Setor Central,7574,27
77735000,,,,1445,27
77735970,Rua Orondino 1047,,Setor Central,1445,27
77740000,,,,4470,27
77740970,Praça Largo do Carmo 20,,Setor Central,4470,27
77743000,,,,9907,27
77743970,Avenida Tocantins 681,,Setor Central,9907,27
77744980,"Avenida Principal, s/n",,Setor Central,9907,27
77745000,,,,7407,27
77745970,Rua Principal 7,,Setor Central,7407,27
77748000,,,Tupiratã,7407,27
77750000,,,,2742,27
77750970,Rua 5 13 Quadra 30,,Setor Central,2742,27
77753000,,,,4839,27
77753970,Avenida Petrônio Portela 728,,Setor Central,4839,27
77755000,,,,1163,27
77755970,Avenida Antonio Pesconi 799,,Setor Central,1163,27
77760000,,,,2482,27
77760970,"Praça Sete de Setembro, s/n",,Setor Central,2482,27
77764971,"Rua Isac Barbosa, s/n",,Nova Brasilene,2482,27
77765000,,,,950,27
77765970,Rua Ancelmo Souza 646,,Setor Central,950,27
77770000,,,,3668,27
77770970,Rua Itacajá 46,,Setor Central,3668,27
77772000,,,Cartucho,3668,27
77774000,,,Craolândia,3668,27
77774970,Praça Montano 1,Centro,Craolândia,3668,27
77776000,,,Monte Lindo,3668,27
77776980,"Rua Adão Rufino Guimarães, s/n",,Barra do Ouro,3668,27
77776982,Avenida Souza Porto,,Setor Central,3668,27
77777000,,,,1880,27
77777970,Avenida Tiradentes 264,,Setor Central,1880,27
77780000,,,,577,27
77780970,Rua Minas Gerais 992,,Setor Central,577,27
77783000,,,,864,27
77783970,"Rua Cícero Carneiro, s/n",,Setor Central,864,27
77783971,"Rua Isac Barbosa, s/n",,Setor Central,864,27
77785000,,,,6740,27
77785970,Avenida Araguaia 231,,Setor Central,6740,27
77790000,,,,6190,27
77790970,Avenida Goiás 1212,,Setor Central,6190,27
77795000,,,,3409,27
77795970,Praça da Bandeira 637,,Setor Central,3409,27
77798000,,,,6522,27
77798970,Rua 7 de Setembro 581,,Setor Central,6522,27
77803010,Rua Dom Orione,,Setor Central,550,27
77803020,Rua Florêncio Machado,,Setor Central,550,27
77803030,Rua Vinte e Dois de Novembro,- de 540/541 ao fim,Setor Central,550,27
77803040,Rua Ademar Vicente Ferreira,- de 1450/1451 a 1899/1900,Setor Central,550,27
77803050,Rua Dezenove de Novembro,,Setor Central,550,27
77803060,Rua Sadoc Correia,,Setor Central,550,27
77803070,Rua Quinze de Novembro,- de 750/751 ao fim,Setor Central,550,27
77803080,Rua Santa Cruz,- de 651/652 ao fim,Setor Central,550,27
77803082,Rua Clara Silva,,Setor Central,550,27
77803090,Avenida Sul,,Setor Central,550,27
77803100,Avenida Paranaíba,,Setor Central,550,27
77803110,Avenida Amazonas,,Setor Central,550,27
77803120,Avenida Tocantins,,Setor Central,550,27
77803130,Rua Treze de Maio,,Setor Central,550,27
77803140,Avenida Primeiro de Janeiro,,Setor Central,550,27
77803150,Praça Bandeiras,,Setor Central,550,27
77803160,Rua Henrique Monteiro,,Setor Central,550,27
77803900,Avenida Primeiro de Janeiro 902,,Setor Central,550,27
77803901,"Avenida Primeiro de Janeiro, s/n",,Setor Central,550,27
77803902,Avenida Tocantins 1164,,Setor Central,550,27
77803903,Rua Santa Cruz 760,,Setor Central,550,27
77803904,Avenida Amazonas 819,,Setor Central,550,27
77804020,Rua Gaúcha,,Setor Central,550,27
77804030,Rua Vinte e Cinco de Dezembro,,Setor Central,550,27
77804040,Rua Sete de Setembro,,Setor Central,550,27
77804050,Rua Vinte e Um de Abril,,Setor Central,550,27
77804060,Rua Neblina,,Setor Central,550,27
77804070,Rua Doze de Outubro,,Setor Central,550,27
77804080,Rua das Palmeiras,,Setor Central,550,27
77804090,Rua Santa Cruz,- até 649/650,Setor Central,550,27
77804100,Rua Quinze de Novembro,- até 748/749,Setor Central,550,27
77804110,Rua das Mangueiras,,Setor Central,550,27
77804120,Rua Ademar Vicente Ferreira,- de 899/900 a 1448/1449,Setor Central,550,27
77804130,Rua Vinte e Dois de Novembro,- até 538/539,Setor Central,550,27
77804140,Rua Treze de Dezembro,,Setor Central,550,27
77804150,Rua Seis de Dezembro,,Setor Central,550,27
77804160,Rua Costa e Silva,,Setor Central,550,27
77804170,Praça das Nações,,Setor Central,550,27
77804180,Rua dos Maçons,,Setor Central,550,27
77804900,Avenida Cônego João Lima 1901,,Setor Central,550,27
77804901,Rua Gaúcha 300,,Setor Central,550,27
77804902,Rua Ademar Vicente Ferreira 1314,,Setor Central,550,27
77804970,Rua Ademar Vicente Ferreira 1314,,Setor Central,550,27
77804975,Rua Gaúcha 51,,Setor Central,550,27
77805020,Rua Vereador Falcão Coelho,,Setor Central,550,27
77805030,Rua Rui Barbosa,,Setor Central,550,27
77805040,Rua Rodoviária,,Setor Central,550,27
77805050,Rua Três de Maio,,Setor Central,550,27
77805060,Rua Gonçalves Ledo,,Setor Central,550,27
77805070,Rua Machado de Assis,,Setor Central,550,27
77805080,Rua Alfredo Nasser,- até 498/499,Setor Central,550,27
77805085,Rua Alfredo Nasser,- de 500/501 ao fim,Setor Central,550,27
77805090,Rua Vinte e Cinco de Janeiro,,Setor Central,550,27
77805100,Rua Souza Porto,,Setor Central,550,27
77805110,Avenida Castelo Branco,,Setor Central,550,27
77805120,Avenida Adevaldo de Morais,,Setor Central,550,27
77805130,Rua Dois de Julho,,Setor Central,550,27
77805140,Rua Trinta e Um de Março,,Setor Central,550,27
77805150,Avenida Santos Dumont,,Setor Central,550,27
77805160,Rua Treze de Fevereiro,,Setor Central,550,27
77805170,Rua Sargento Edson Soares de Abreu,,Setor Belo Horizonte,550,27
77805173,Rua Brasil,,Setor Belo Horizonte,550,27
77805176,Rua Capitão Clóvis,,Setor Belo Horizonte,550,27
77805200,Rua Aparecido Carlos Gava,,Loteamento Jardim América,550,27
77805203,Rua 5 de Outubro,,Loteamento Jardim América,550,27
77805206,Rua Joaquim Gava,,Loteamento Jardim América,550,27
77805209,Rua Florêncio Machado,,Loteamento Jardim América,550,27
77805212,Rua das Paineiras,,Loteamento Jardim América,550,27
77805215,Rua 9 de Julho,,Loteamento Jardim América,550,27
77805218,Rua Araucária,,Loteamento Jardim América,550,27
77805221,Avenida Filadélfia,,Loteamento Jardim América,550,27
77807010,Rua Voluntários da Pátria,,São João,550,27
77807020,Rua Muricizal,,São João,550,27
77807022,Rua 1º de Janeiro,- de 1813/1814 a 2435/2436,São João,550,27
77807024,Rua 1º de Janeiro,- de 2437/2438 ao fim,São João,550,27
77807025,Rua José Elias Rosa,,São João,550,27
77807030,Rua Princesa Isabel,,São João,550,27
77807035,Rua Gama,,São João,550,27
77807040,Rua Bela Vista,,São João,550,27
77807045,Rua São Francisco,,São João,550,27
77807050,Rua Quatorze de Janeiro,,São João,550,27
77807055,Rua São Sebastião,,São João,550,27
77807060,Rua Humberto Campos,,São João,550,27
77807065,Rua A-15,,São João,550,27
77807070,Rua Porto Alegre,,São João,550,27
77807073,Rua João Lopes Sousa,,São João,550,27
77807075,Rua Quinze de Março,,São João,550,27
77807080,Rua Doutor Peixoto,,São João,550,27
77807085,Rua São Jorge,,São João,550,27
77807090,Rua Rodoviária,,São João,550,27
77807095,Rua 88,,São João,550,27
77807100,Rua Nemésio,,São João,550,27
77807110,Rua Aparecida,,São João,550,27
77807120,Rua Três de Maio,,São João,550,27
77807130,Rua Gonçalves Lêdo,,São João,550,27
77807140,Rua Machado de Assis,,São João,550,27
77807150,Rua Alfredo Nasser,,São João,550,27
77807160,Rua Prefeito João de Souza Lima,,São João,550,27
77807170,Avenida Tiradentes,,São João,550,27
77807180,Rua Coronel Fleury,,São João,550,27
77807190,Rua Rui Barbosa,,São João,550,27
77807200,Rua Dois de Abril,,São João,550,27
77807210,Rua 1,,São João,550,27
77807220,Rua 2,,São João,550,27
77807230,Rua 3,,São João,550,27
77807240,Rua 4,,São João,550,27
77807250,Rua 5,,São João,550,27
77807260,Rua 6,,São João,550,27
77807270,Rua 7,,São João,550,27
77807280,Rua 8,,São João,550,27
77807285,Avenida Filadélfia,,São João,550,27
77807290,Rua Vereador Falcão Coelho,,São João,550,27
77807970,Rua 1º de Janeiro 2898,,São João,550,27
77807971,Rua Prefeito João de Souza Lima 517,,São João,550,27
77808010,Avenida Pedro Álvares Cabral,,Loteamento Céu Azul,550,27
77808012,Rua Juliana Pinheiro,,Loteamento Céu Azul,550,27
77808020,Avenida João Pinheiro,,Loteamento Céu Azul,550,27
77808040,Rua Amazonas,,Loteamento Céu Azul,550,27
77808050,Rua Tucuruí,,Loteamento Céu Azul,550,27
77808060,Rua Lago Azul,,Loteamento Céu Azul,550,27
77808070,Rua Lontra,,Loteamento Céu Azul,550,27
77808080,Rua Tocantins,,Loteamento Céu Azul,550,27
77808090,Rua Araguaia,,Loteamento Céu Azul,550,27
77808100,Rua São João Batista,,Loteamento Céu Azul,550,27
77808110,Rua Nossa Senhora Aparecida,,Loteamento Céu Azul,550,27
77808120,Rua das Flores,,Loteamento Céu Azul,550,27
77808130,Rua Curitibanos,,Loteamento Céu Azul,550,27
77808140,Avenida Castro Alves,,Loteamento Céu Azul,550,27
77808150,Rua São Jorge,,Loteamento Céu Azul,550,27
77808160,Rua São Fracisco de Assis,,Loteamento Céu Azul,550,27
77808170,Rua Ferraz de Camargo,,Loteamento Céu Azul,550,27
77808180,Rua Estrela D'Alva,,Loteamento Céu Azul,550,27
77808190,Rua Joinville,,Loteamento Céu Azul,550,27
77808200,Rua Itajaí,,Loteamento Céu Azul,550,27
77808210,Rua Gaspar,,Loteamento Céu Azul,550,27
77808220,Rua Criciúma,,Residencial Itaipu,550,27
77808230,Rua Lajes,,Residencial Itaipu,550,27
77808240,Avenida Blumenau,,Residencial Itaipu,550,27
77808245,Rua Joinvile,,Residencial Itaipu,550,27
77808260,Rua Francisco M. Couto,,Residencial Itaipu,550,27
77808270,Rua Araranguá,,Residencial Itaipu,550,27
77808280,Rua Florianópolis,,Loteamento Céu Azul,550,27
77808290,Avenida Cabral,,Residencial Itaipu,550,27
77808292,Rua Brusque,,Residencial Itaipu,550,27
77808294,Rua Ilhota,,Residencial Itaipu,550,27
